CustomerID,Age,Gender,SubscriptionType,MonthlyCharges,TenureMonths,SupportTickets,PaymentMethod,SatisfactionScore,UsageHoursPerWeek,Churn
1,56,1,2,766,26,5,2,8,37,0
2,69,0,0,430,2,0,1,2,39,0
3,46,1,0,1073,23,9,0,1,20,1
4,32,1,2,773,41,7,2,4,10,1
5,60,0,0,439,22,1,2,4,10,0
6,25,1,1,289,58,5,0,9,26,0
7,38,1,2,431,34,8,2,3,25,1
8,56,0,2,656,15,0,2,4,28,0
9,36,1,0,432,10,5,1,3,13,0
10,40,0,2,553,15,7,1,2,15,1
11,28,0,0,1204,42,9,2,4,6,1
12,28,0,1,1556,29,1,2,8,12,0
13,41,0,2,638,57,4,0,1,19,0
14,53,0,0,1598,23,5,1,8,32,0
15,57,1,0,1515,59,4,0,8,11,0
16,41,1,0,544,17,2,2,3,38,0
17,20,0,2,863,9,3,0,10,33,0
18,39,0,0,1651,50,6,2,10,2,0
19,19,1,2,856,36,3,1,6,15,0
20,41,0,0,329,9,8,1,4,36,1
21,61,0,2,340,16,9,2,1,5,1
22,47,0,1,614,36,1,1,1,15,0
23,55,1,2,1316,48,4,2,5,43,0
24,19,1,2,825,51,7,0,8,10,0
25,38,0,0,483,33,4,2,1,17,0
26,50,0,0,1878,55,9,0,2,34,1
27,29,1,2,422,31,7,2,7,24,0
28,39,1,0,943,6,7,1,8,10,0
29,61,0,0,662,10,8,2,3,30,1
30,42,0,0,1768,16,9,2,8,3,0
31,66,1,0,1499,4,5,2,1,37,0
32,44,1,0,1905,54,3,1,9,3,0
33,59,1,1,1363,22,2,2,2,40,0
34,45,0,0,556,13,4,1,2,5,0
35,33,1,2,1936,16,5,2,4,28,0
36,32,0,0,1246,52,2,0,10,44,0
37,64,1,2,1959,29,1,2,3,14,0
38,68,1,0,1493,6,6,0,4,39,1
39,61,1,1,1058,26,4,1,6,11,0
40,69,1,1,864,11,8,1,7,8,0
41,20,0,0,1556,24,2,2,5,37,0
42,54,0,1,1214,29,7,1,2,8,1
43,68,1,1,284,3,5,2,3,12,0
44,24,0,1,820,52,3,1,10,15,0
45,38,1,1,1254,10,8,0,3,19,1
46,26,1,0,1964,1,4,1,5,48,0
47,56,1,2,439,52,9,0,5,46,0
48,35,1,0,562,43,5,2,4,28,0
49,21,0,0,1021,26,8,2,8,7,0
50,42,1,1,1612,58,6,2,6,40,0
51,31,1,0,1876,12,4,0,6,7,0
52,67,0,2,867,14,1,2,1,30,0
53,26,1,1,1522,25,3,2,6,18,0
54,43,1,1,1594,8,1,0,3,24,0
55,19,1,1,298,43,2,1,6,6,0
56,37,0,0,246,4,9,2,10,4,0
57,45,1,0,1038,28,2,1,6,3,0
58,64,0,0,621,7,3,1,2,49,0
59,24,1,0,1703,10,5,2,1,47,0
60,61,1,0,1802,51,2,2,3,6,0
61,25,0,0,261,57,9,0,5,26,0
62,64,1,2,1332,58,0,0,4,44,0
63,52,1,2,1902,36,0,2,7,38,0
64,31,0,0,1772,2,8,1,4,11,1
65,34,0,2,1342,26,8,0,8,29,0
66,53,0,0,1209,53,4,0,7,20,0
67,67,0,0,797,50,8,2,10,10,0
68,57,0,2,1605,14,6,2,9,26,0
69,21,1,2,591,58,8,2,1,48,1
70,19,0,2,1176,16,6,2,5,27,0
71,23,1,0,1275,54,8,0,4,14,1
72,59,1,1,802,43,1,0,6,36,0
73,21,1,2,1512,42,7,0,1,12,1
74,46,0,2,536,17,6,1,6,23,0
75,35,0,2,1009,46,5,0,1,21,0
76,43,1,1,1427,22,4,0,1,8,0
77,61,0,2,1461,4,3,2,8,39,0
78,51,0,2,1605,19,6,0,2,9,1
79,27,0,1,1890,2,2,0,10,24,0
80,53,0,2,951,39,7,0,6,31,0
81,31,1,0,1359,9,1,2,6,25,0
82,48,1,2,1630,19,0,0,6,17,0
83,65,0,0,1731,16,1,0,8,42,0
84,32,1,0,1585,54,8,1,4,29,1
85,25,0,2,1604,25,4,1,3,3,0
86,31,0,1,1080,48,7,1,6,21,0
87,40,1,1,1799,18,2,1,4,8,0
88,57,1,0,834,23,6,2,2,14,1
89,38,1,2,453,53,1,1,6,39,0
90,33,0,0,1700,21,7,0,10,16,0
91,62,1,1,1337,11,6,1,5,18,0
92,35,0,1,219,39,4,2,9,31,0
93,64,1,2,727,41,3,1,6,11,0
94,41,1,1,1368,4,0,1,3,38,0
95,43,0,2,1431,25,4,2,5,20,0
96,42,0,2,1754,32,8,2,10,46,0
97,62,0,0,575,30,9,2,8,45,0
98,58,0,0,1727,45,3,2,9,4,0
99,46,0,2,365,59,8,2,8,20,0
100,32,0,2,1773,26,1,2,3,31,0
101,62,0,0,1404,57,3,0,9,20,0
102,18,0,1,1060,36,8,1,3,11,1
103,42,1,0,816,51,3,1,8,1,0
104,24,0,2,811,34,4,2,10,44,0
105,26,0,2,1825,9,7,2,9,18,0
106,41,1,2,1667,12,0,0,7,39,0
107,18,0,2,1555,2,0,0,4,44,0
108,61,1,0,702,38,8,2,10,33,0
109,25,1,0,1112,5,8,0,9,36,0
110,41,0,2,278,5,3,0,3,18,0
111,28,1,2,784,52,1,2,3,47,0
112,68,0,0,887,22,8,2,2,31,1
113,34,1,2,595,5,3,2,10,35,0
114,25,1,0,1831,59,5,2,3,39,0
115,52,1,2,1326,4,0,1,1,38,0
116,52,0,1,601,9,8,1,4,15,1
117,50,0,0,1174,29,4,2,8,47,0
118,22,1,0,423,22,2,0,5,6,0
119,59,1,2,717,27,3,2,2,8,0
120,56,0,2,833,10,0,1,3,40,0
121,58,0,2,435,16,8,0,1,22,1
122,45,1,1,1650,42,7,1,2,1,1
123,24,1,1,315,42,3,2,1,13,0
124,26,0,1,1386,51,1,1,2,24,0
125,25,0,2,425,10,8,1,3,21,1
126,29,0,0,429,6,3,1,1,45,0
127,51,0,0,381,49,8,0,9,43,0
128,50,0,0,1472,5,9,1,10,4,0
129,65,1,2,1541,58,2,0,5,7,0
130,40,0,0,409,6,6,2,8,12,0
131,41,1,1,1879,59,6,2,5,13,0
132,54,0,2,1615,56,9,1,8,44,0
133,52,1,2,295,59,3,0,7,16,0
134,61,0,0,1093,47,1,2,4,6,0
135,57,0,0,955,25,8,0,7,14,0
136,39,1,0,1309,59,3,0,6,48,0
137,44,1,0,614,51,7,1,3,31,1
138,52,0,0,593,50,1,1,9,36,0
139,18,0,2,895,4,7,0,10,37,0
140,52,0,1,1856,40,9,0,9,41,0
141,54,0,1,1043,59,4,1,5,35,0
142,64,0,2,1724,48,6,0,8,10,0
143,31,1,0,803,32,6,1,7,17,0
144,20,1,1,781,56,8,0,9,42,0
145,18,0,1,332,51,2,1,7,30,0
146,22,1,0,990,52,9,0,4,44,1
147,43,1,2,848,35,3,1,4,7,0
148,31,1,0,1537,10,9,0,8,18,0
149,56,0,1,1922,34,3,2,6,19,0
150,44,1,1,420,36,9,2,9,15,0
151,26,0,0,1175,6,4,0,10,39,0
152,32,1,1,1661,43,5,2,7,44,0
153,32,0,2,1269,46,2,0,7,22,0
154,43,1,1,1415,16,3,0,4,39,0
155,59,0,0,1743,59,2,2,3,42,0
156,30,0,1,1602,53,1,0,8,30,0
157,68,1,0,987,19,9,1,7,20,0
158,49,0,0,890,34,8,0,4,32,1
159,56,0,0,1557,25,0,0,4,42,0
160,66,0,1,238,31,1,2,1,25,0
161,69,0,1,1516,49,7,1,7,23,0
162,49,0,1,889,41,6,0,1,5,1
163,21,0,1,361,17,0,0,10,41,0
164,47,0,0,1554,47,4,0,10,30,0
165,54,0,0,1327,30,9,0,4,48,1
166,40,1,0,360,39,5,0,3,39,0
167,56,1,0,1858,54,4,0,3,27,0
168,62,0,0,1277,55,3,1,1,42,0
169,32,0,0,1257,31,0,1,4,37,0
170,60,1,0,441,19,6,0,1,7,1
171,46,1,0,1166,35,8,0,8,5,0
172,53,1,0,1089,29,5,2,1,15,0
173,30,0,0,312,59,2,1,6,42,0
174,49,1,1,1213,1,9,1,7,8,0
175,24,0,2,517,4,3,0,10,9,0
176,68,0,1,222,28,9,1,2,11,1
177,39,1,0,1781,18,4,1,4,22,0
178,45,0,0,1023,26,0,2,3,34,0
179,19,0,2,1870,40,4,2,9,35,0
180,59,0,0,1341,19,0,1,7,13,0
181,62,0,0,900,55,8,1,2,11,1
182,23,1,0,1866,55,6,1,6,32,0
183,45,1,0,1218,57,2,0,9,42,0
184,45,0,0,1435,6,8,2,3,15,1
185,61,0,0,1641,1,1,0,6,38,0
186,61,1,2,1336,8,6,2,3,1,1
187,37,0,0,1267,33,8,2,3,46,1
188,47,1,0,327,51,5,2,4,24,0
189,28,0,1,1075,43,9,1,9,43,0
190,45,0,0,357,21,4,2,8,40,0
191,42,1,0,1026,24,6,0,1,22,1
192,56,1,1,1617,25,5,2,1,3,0
193,50,1,0,1051,47,4,0,7,14,0
194,18,1,0,711,55,1,2,3,2,0
195,44,0,0,244,57,7,2,7,32,0
196,69,1,0,1331,43,6,1,9,48,0
197,30,0,2,418,19,5,0,3,38,0
198,58,1,1,642,29,4,2,3,33,0
199,20,1,0,514,53,4,2,2,46,0
200,56,0,2,376,10,8,0,10,42,0
201,23,1,2,427,56,0,2,1,6,0
202,25,1,0,1926,12,8,1,9,41,0
203,44,1,2,1895,33,5,0,6,39,0
204,26,1,0,466,56,3,1,6,25,0
205,54,0,0,1069,7,9,0,8,34,0
206,50,0,0,1037,17,6,0,5,11,0
207,68,1,0,1602,58,8,0,9,46,0
208,59,1,0,688,10,4,2,5,37,0
209,61,1,1,901,31,4,0,2,41,0
210,41,0,0,886,6,7,0,6,7,0
211,32,0,0,1513,17,6,0,9,46,0
212,49,0,0,1195,50,7,1,3,48,1
213,49,0,2,556,37,9,0,10,22,0
214,41,1,2,1880,18,1,2,4,48,0
215,58,1,2,1967,26,8,0,10,39,0
216,69,1,2,1071,49,2,0,8,10,0
217,66,0,1,403,54,5,1,6,21,0
218,66,1,0,1436,16,5,2,7,6,0
219,69,0,2,751,8,1,2,7,49,0
220,29,0,1,522,24,6,2,4,1,1
221,56,1,1,793,13,8,0,6,34,0
222,19,1,1,380,29,9,0,9,14,0
223,20,1,0,698,32,0,2,3,36,0
224,66,0,0,1543,24,7,2,8,27,0
225,54,0,0,282,16,1,1,7,9,0
226,66,1,2,502,11,0,2,4,6,0
227,34,1,0,461,32,7,0,10,31,0
228,66,0,0,983,6,1,0,3,17,0
229,19,1,1,1423,59,5,0,7,43,0
230,19,0,0,1463,35,5,1,10,36,0
231,45,0,1,1113,33,4,2,9,21,0
232,40,1,0,891,18,7,0,10,27,0
233,54,1,0,1143,37,2,1,3,41,0
234,49,1,0,882,13,9,1,10,28,0
235,50,1,2,1518,10,3,0,9,16,0
236,18,0,0,1735,37,6,1,8,35,0
237,36,0,0,888,26,6,1,3,36,1
238,19,0,1,595,46,7,0,8,35,0
239,61,1,0,1972,17,1,1,4,45,0
240,43,0,2,1361,1,1,0,6,19,0
241,49,1,2,1038,25,3,0,10,21,0
242,23,1,0,1077,34,9,1,2,33,1
243,49,1,2,1022,39,8,0,8,23,0
244,21,1,0,1352,10,9,0,9,6,0
245,28,1,2,248,20,8,2,7,32,0
246,34,1,0,1899,7,3,0,8,22,0
247,55,0,2,988,56,8,2,7,3,0
248,41,1,0,492,16,2,2,10,35,0
249,22,0,2,1851,37,4,2,4,16,0
250,69,0,0,735,29,9,2,1,42,1
251,51,1,0,510,12,8,1,3,25,1
252,23,1,0,736,17,5,1,7,17,0
253,39,1,0,838,48,2,0,7,39,0
254,28,0,1,433,20,9,0,3,13,1
255,65,1,0,1432,26,8,0,1,28,1
256,33,0,1,804,48,5,1,10,11,0
257,50,1,1,293,19,3,2,9,10,0
258,26,1,2,526,58,3,1,6,39,0
259,23,0,0,424,47,7,1,7,24,0
260,33,0,0,1166,12,6,0,1,38,1
261,46,1,2,1089,21,0,0,1,24,0
262,20,0,0,210,42,5,0,4,33,0
263,37,0,0,1552,58,7,2,7,17,0
264,53,0,2,1235,54,2,2,8,44,0
265,36,0,1,234,34,8,1,10,36,0
266,43,0,2,646,7,9,2,9,35,0
267,20,1,0,1675,45,1,0,1,6,0
268,36,1,2,1963,35,5,2,4,16,0
269,37,0,0,1443,15,0,2,4,45,0
270,49,1,0,640,1,1,2,3,28,0
271,24,1,1,852,26,4,2,7,41,0
272,69,0,0,1758,35,0,0,1,32,0
273,58,1,0,794,25,7,0,9,26,0
274,50,0,0,428,42,0,1,8,11,0
275,57,0,1,543,59,8,1,2,25,1
276,56,1,2,1303,59,9,1,2,31,1
277,35,0,2,1576,15,2,2,8,21,0
278,57,0,2,1619,22,1,2,1,45,0
279,18,0,0,1513,59,0,0,7,3,0
280,28,0,0,1678,6,8,1,9,12,0
281,45,0,0,1894,52,3,0,3,40,0
282,42,1,0,1188,15,0,1,7,46,0
283,67,1,0,1351,24,0,1,6,41,0
284,40,0,1,1925,21,6,1,7,25,0
285,48,0,0,1108,7,1,2,7,17,0
286,47,1,0,1766,57,6,1,10,38,0
287,59,0,0,1582,29,6,1,1,36,1
288,52,1,0,726,32,9,2,3,36,1
289,24,0,1,1536,32,8,1,10,19,0
290,33,0,0,274,53,6,2,1,44,1
291,43,0,0,1769,59,0,2,5,2,0
292,65,0,2,395,5,7,0,3,17,1
293,69,0,0,228,4,7,2,1,30,1
294,66,0,0,905,22,3,2,2,47,0
295,19,0,0,1220,18,7,2,10,10,0
296,18,1,2,215,35,3,1,5,35,0
297,65,1,1,1646,17,7,0,3,36,1
298,29,1,2,1812,50,4,1,6,33,0
299,22,0,0,1004,50,3,2,9,1,0
300,54,0,1,1816,56,5,2,6,18,0
301,49,0,0,1628,24,1,0,2,4,0
302,26,0,0,1139,2,1,0,2,47,0
303,58,0,0,1859,13,1,2,8,27,0
304,52,0,0,1754,54,8,2,8,25,0
305,36,0,2,1166,15,9,1,6,28,0
306,65,1,2,1837,5,2,2,10,22,0
307,33,0,1,1300,3,9,1,7,42,0
308,20,1,2,428,37,3,0,1,25,0
309,37,1,2,1161,37,9,1,9,17,0
310,41,0,0,1520,37,7,2,5,44,0
311,50,0,0,1733,3,3,1,9,12,0
312,41,1,2,914,35,9,1,2,16,1
313,69,1,0,1183,52,9,0,8,37,0
314,28,0,1,772,23,6,1,7,16,0
315,66,0,0,1761,28,4,2,4,17,0
316,25,1,0,1806,30,8,1,3,31,1
317,53,0,0,814,18,3,1,4,15,0
318,55,0,0,525,58,2,1,4,13,0
319,57,0,0,1586,52,1,2,10,40,0
320,37,1,2,1892,36,0,1,10,27,0
321,52,1,0,1074,33,5,2,8,21,0
322,65,1,2,558,26,9,1,4,2,1
323,42,0,0,1929,48,1,0,5,8,0
324,52,0,0,523,40,7,0,2,42,1
325,42,1,0,1921,17,5,0,4,7,0
326,46,1,1,1549,40,4,2,7,10,0
327,35,1,0,1848,7,1,2,3,4,0
328,63,0,2,364,57,6,2,1,43,1
329,35,1,0,1796,8,1,1,8,41,0
330,19,1,2,1827,53,4,2,8,36,0
331,52,0,0,997,56,1,2,6,35,0
332,33,0,2,654,31,9,2,7,43,0
333,58,0,2,1376,59,1,2,10,3,0
334,53,1,1,1960,58,6,0,2,18,1
335,50,0,0,1350,12,8,1,5,46,0
336,21,0,0,392,48,4,0,7,43,0
337,50,1,0,826,31,6,1,9,24,0
338,31,0,1,1997,44,3,1,1,32,0
339,38,1,2,729,19,1,0,3,34,0
340,65,1,2,1233,10,2,2,6,2,0
341,37,0,0,291,39,1,0,7,2,0
342,25,0,0,338,12,4,1,6,10,0
343,24,0,0,680,20,5,1,1,23,0
344,20,0,1,648,37,6,2,4,15,1
345,34,0,2,1556,48,2,0,6,12,0
346,50,0,1,1068,41,3,1,8,43,0
347,65,1,0,539,7,7,0,10,17,0
348,29,1,2,1275,52,3,2,4,18,0
349,68,0,2,1930,54,6,2,7,14,0
350,39,1,0,665,58,5,1,3,17,0
351,39,0,1,917,14,6,2,8,15,0
352,63,1,1,998,11,0,1,1,12,0
353,47,1,1,674,7,2,1,4,16,0
354,55,1,2,600,29,5,2,8,32,0
355,55,0,0,1662,10,2,2,10,23,0
356,62,1,0,804,29,6,0,4,38,1
357,68,0,1,1131,9,8,0,2,34,1
358,25,1,0,1196,36,2,1,2,34,0
359,44,1,2,1121,48,0,0,4,16,0
360,44,1,2,1020,10,9,1,4,34,1
361,51,1,2,856,19,5,2,2,40,0
362,38,1,1,797,56,0,2,7,7,0
363,47,0,0,1732,31,0,0,6,33,0
364,50,0,0,1376,17,7,1,3,4,1
365,45,1,0,713,9,8,1,8,43,0
366,64,1,0,1726,45,1,0,8,7,0
367,50,1,0,1995,33,8,1,1,18,1
368,22,1,0,1899,34,4,1,3,4,0
369,65,0,1,1229,45,7,2,5,49,0
370,36,1,1,699,24,6,1,2,11,1
371,21,0,0,1884,9,6,1,5,43,0
372,52,1,0,916,7,3,1,10,20,0
373,66,0,1,1341,16,1,0,3,11,0
374,34,1,0,1708,19,4,0,9,15,0
375,61,1,0,800,39,2,0,1,46,0
376,45,0,0,865,6,8,1,4,17,1
377,47,1,2,1902,50,5,1,10,34,0
378,46,1,0,667,51,0,0,6,48,0
379,63,1,1,360,11,2,0,9,12,0
380,23,0,0,469,12,3,1,3,42,0
381,52,1,2,1279,58,8,1,3,28,1
382,58,1,0,427,42,5,2,5,48,0
383,54,0,0,1048,13,3,0,7,35,0
384,41,0,2,348,12,0,1,5,8,0
385,46,0,2,1269,21,7,0,8,27,0
386,66,1,2,1367,10,1,0,5,22,0
387,63,1,2,1973,20,7,0,7,24,0
388,48,1,1,831,50,5,2,6,2,0
389,52,0,1,1563,36,7,1,10,31,0
390,50,1,2,612,28,5,1,2,22,0
391,69,1,0,1955,24,4,0,3,1,0
392,38,0,0,719,5,4,1,4,14,0
393,49,0,0,1567,37,9,2,5,25,0
394,40,0,2,586,12,9,0,9,36,0
395,50,0,0,1696,58,7,2,6,36,0
396,20,0,0,474,35,6,2,1,41,1
397,35,1,1,552,40,7,1,3,3,1
398,42,0,1,1289,54,7,1,7,5,0
399,59,1,1,1302,2,6,2,8,1,0
400,48,1,0,797,50,1,1,7,19,0
401,20,0,2,1859,41,8,2,5,33,0
402,57,0,0,1425,45,6,2,10,42,0
403,63,0,0,1885,39,5,0,8,30,0
404,41,1,0,757,42,8,2,9,12,0
405,67,0,0,312,9,0,2,7,10,0
406,49,0,0,1314,22,1,1,9,34,0
407,64,0,1,340,47,0,0,1,16,0
408,39,0,0,1512,5,9,1,9,40,0
409,40,0,2,929,12,2,0,3,46,0
410,19,1,2,788,1,4,1,6,29,0
411,44,1,0,610,44,0,2,8,15,0
412,59,1,0,576,22,3,0,3,48,0
413,19,0,0,1607,38,7,0,4,11,1
414,43,0,2,1375,51,5,0,7,44,0
415,34,0,0,950,19,0,0,7,34,0
416,57,1,0,826,16,0,1,4,36,0
417,50,0,0,1542,31,2,1,9,30,0
418,26,0,2,1592,51,9,0,3,35,1
419,60,0,1,1829,3,7,0,8,9,0
420,65,1,0,1194,23,7,0,8,18,0
421,56,0,2,1783,42,2,1,4,19,0
422,46,1,2,902,59,6,0,7,39,0
423,59,0,1,661,18,2,0,4,4,0
424,43,1,1,211,26,3,0,1,6,0
425,52,1,2,1379,13,8,1,1,33,1
426,67,1,2,1907,58,3,2,1,32,0
427,42,0,1,676,18,2,2,2,16,0
428,41,0,0,1138,3,4,1,6,11,0
429,30,1,0,600,58,6,2,10,22,0
430,24,1,0,1007,23,4,0,5,36,0
431,53,0,1,376,3,3,0,2,23,0
432,62,0,1,1564,55,7,1,8,26,0
433,37,1,0,256,25,3,1,9,31,0
434,18,0,2,647,27,1,2,7,29,0
435,25,0,0,402,58,9,2,9,5,0
436,63,0,0,1920,44,5,0,4,38,0
437,33,0,1,1856,27,1,1,7,25,0
438,31,1,0,937,52,2,2,5,34,0
439,29,0,0,401,39,0,2,5,12,0
440,68,0,2,1553,25,4,0,3,22,0
441,40,1,2,562,24,8,0,9,9,0
442,32,1,0,1091,8,1,0,10,20,0
443,45,0,2,653,9,6,0,5,29,0
444,51,0,2,555,46,4,2,6,44,0
445,19,0,0,415,37,1,1,3,29,0
446,49,0,0,1171,30,7,1,10,45,0
447,40,1,2,754,53,5,0,7,27,0
448,39,1,0,1086,19,3,0,9,17,0
449,68,1,1,222,53,3,2,9,5,0
450,42,0,1,354,16,1,0,10,45,0
451,39,0,1,1409,24,2,1,10,13,0
452,39,0,0,448,44,6,0,5,42,0
453,66,0,1,948,21,2,1,7,15,0
454,69,1,0,1004,36,4,0,3,15,0
455,59,1,0,333,40,9,0,6,18,0
456,23,0,0,520,39,5,1,8,2,0
457,32,1,0,589,47,5,2,8,23,0
458,60,0,2,633,6,3,2,2,43,0
459,54,0,0,1245,5,5,0,6,13,0
460,50,1,0,1072,14,2,0,7,43,0
461,25,0,2,1823,53,6,1,7,4,0
462,61,0,0,1888,45,6,1,3,47,1
463,61,1,2,1348,42,3,0,9,25,0
464,22,0,0,1302,50,1,1,2,11,0
465,56,0,1,1057,4,6,2,3,48,1
466,21,1,1,250,8,2,2,2,42,0
467,23,0,0,1951,24,0,1,9,12,0
468,62,1,0,375,11,1,1,4,13,0
469,49,0,0,1069,17,9,1,2,9,1
470,69,1,1,452,50,8,2,3,45,1
471,47,1,0,1165,21,7,0,4,38,1
472,64,1,0,1469,57,5,1,10,6,0
473,52,0,0,938,26,5,1,6,43,0
474,57,1,0,1329,43,0,1,5,43,0
475,69,1,0,1416,48,1,0,3,10,0
476,33,1,1,1539,44,3,1,10,23,0
477,30,1,0,501,45,2,1,8,15,0
478,67,1,0,747,27,0,2,8,45,0
479,59,0,1,915,16,7,1,7,23,0
480,47,0,1,978,55,6,2,3,40,1
481,36,0,0,467,26,3,0,1,37,0
482,34,0,0,1393,53,8,1,5,34,0
483,36,0,0,1209,33,3,1,1,16,0
484,45,0,1,750,31,0,2,6,45,0
485,43,0,0,1678,48,9,0,7,41,0
486,54,1,1,1874,47,0,0,5,47,0
487,43,0,2,1515,6,0,2,4,32,0
488,40,1,2,1787,44,0,0,2,38,0
489,26,1,0,1364,8,3,0,5,40,0
490,29,0,0,1369,7,0,0,9,46,0
491,18,1,0,1648,34,1,0,4,5,0
492,18,1,0,513,44,3,0,2,17,0
493,64,1,2,383,53,6,0,6,22,0
494,51,1,1,1887,14,1,0,8,39,0
495,49,0,2,912,16,7,0,2,41,1
496,65,0,2,327,43,6,1,9,48,0
497,42,0,0,1510,52,8,2,7,18,0
498,57,0,0,1476,9,5,0,2,28,0
499,62,0,0,899,10,3,2,5,13,0
500,18,0,2,585,17,5,0,5,42,0
501,33,0,1,1453,12,3,0,7,1,0
502,56,0,2,470,6,6,1,5,19,0
503,22,0,0,1994,19,8,2,6,34,0
504,39,0,0,1010,43,2,2,9,4,0
505,46,1,2,614,41,2,1,3,43,0
506,20,0,0,397,53,1,1,3,3,0
507,29,1,1,1546,29,0,2,8,41,0
508,43,1,1,1279,6,0,0,10,10,0
509,33,1,2,1030,59,2,0,6,28,0
510,68,1,0,1426,25,6,2,10,34,0
511,54,0,0,1844,57,8,0,3,39,1
512,39,1,0,827,24,1,1,2,47,0
513,46,0,0,803,25,6,1,2,19,1
514,31,0,0,1361,16,0,1,2,42,0
515,45,1,2,1645,52,1,2,5,46,0
516,22,0,2,1280,16,5,2,5,36,0
517,64,1,0,1785,6,4,2,1,43,0
518,66,1,0,1209,37,7,0,2,3,1
519,47,0,0,270,21,1,2,2,23,0
520,63,0,0,1110,4,0,2,4,17,0
521,69,1,1,793,34,6,1,7,7,0
522,22,0,0,1595,28,5,0,3,26,0
523,29,0,0,1840,38,7,0,5,43,0
524,33,0,0,799,41,7,1,9,18,0
525,43,1,1,713,28,1,0,5,46,0
526,43,1,2,283,17,7,2,9,46,0
527,65,0,0,1193,14,5,0,1,6,0
528,38,0,2,1266,7,8,1,9,31,0
529,56,0,2,1889,22,6,0,5,29,0
530,53,0,1,1038,51,1,1,8,9,0
531,50,0,0,805,1,7,2,5,35,0
532,47,1,1,1009,29,8,2,6,17,0
533,54,0,1,332,52,6,1,8,12,0
534,40,1,1,1618,31,3,2,2,36,0
535,27,0,2,1288,30,8,2,3,48,1
536,22,1,2,489,57,3,0,9,24,0
537,53,0,0,575,15,3,2,5,10,0
538,51,1,2,968,18,8,1,5,30,0
539,69,0,2,666,35,7,2,9,29,0
540,48,1,2,1436,50,3,0,10,39,0
541,27,1,0,1371,30,7,1,3,10,1
542,36,1,2,1796,34,7,2,4,39,1
543,49,1,1,670,42,6,2,7,28,0
544,18,1,0,348,11,9,2,2,18,1
545,22,1,1,287,27,5,1,8,41,0
546,62,0,2,1547,24,7,0,5,17,0
547,21,1,1,595,35,6,1,1,11,1
548,33,0,0,989,39,4,1,3,1,0
549,41,0,0,1627,8,3,0,9,17,0
550,33,0,1,1305,51,1,1,5,36,0
551,19,0,0,1864,18,7,1,8,36,0
552,66,0,1,1509,13,8,2,1,46,1
553,45,1,0,1605,45,3,1,7,9,0
554,49,1,2,1064,24,3,2,7,45,0
555,44,1,0,1493,51,4,1,8,28,0
556,37,0,2,1515,23,1,2,3,48,0
557,41,1,0,1676,12,6,2,1,33,1
558,29,1,0,1938,49,4,2,9,3,0
559,67,1,0,223,30,5,0,1,8,0
560,52,1,0,1155,31,3,1,6,6,0
561,50,1,1,510,28,7,1,9,6,0
562,50,0,1,1684,22,7,1,2,29,1
563,68,1,0,1431,44,4,0,4,37,0
564,60,0,2,1940,28,5,2,2,12,0
565,54,0,0,863,13,2,1,4,9,0
566,29,0,2,637,25,0,0,2,41,0
567,20,0,1,1761,44,8,0,1,49,1
568,18,0,1,905,51,8,1,3,19,1
569,50,1,0,1559,46,2,2,8,17,0
570,57,1,2,621,7,3,0,5,48,0
571,27,1,0,1973,45,6,1,4,44,1
572,60,0,1,520,6,1,2,5,32,0
573,61,1,0,1720,24,2,0,6,35,0
574,46,1,2,786,19,5,0,6,14,0
575,30,0,2,1146,19,7,1,5,49,0
576,29,0,2,1386,36,0,1,6,16,0
577,48,0,0,1764,51,3,2,9,21,0
578,63,0,1,1388,9,0,1,5,12,0
579,19,1,0,1048,48,1,1,6,24,0
580,68,0,2,1921,59,7,2,4,34,1
581,67,0,0,1789,36,5,1,3,8,0
582,52,1,0,1518,38,8,2,6,44,0
583,40,1,2,241,40,1,2,5,21,0
584,34,0,0,1508,59,2,2,4,48,0
585,43,1,0,1138,29,8,1,5,8,0
586,25,0,0,586,24,8,2,7,28,0
587,46,0,0,1361,48,5,1,1,16,0
588,43,1,2,1410,5,2,2,1,10,0
589,27,1,1,1109,53,4,1,1,15,0
590,43,0,0,915,54,1,2,2,4,0
591,51,0,0,630,42,6,0,9,26,0
592,68,0,0,753,55,9,0,5,15,0
593,58,1,0,1639,45,7,0,9,36,0
594,24,0,2,999,26,5,2,5,32,0
595,21,0,2,625,14,7,1,7,43,0
596,67,0,0,1639,39,1,2,6,38,0
597,62,0,0,225,29,2,2,2,4,0
598,28,0,0,1594,52,6,2,3,41,1
599,46,1,1,584,6,9,2,5,9,0
600,53,0,1,255,7,0,1,4,35,0
601,42,0,0,1476,37,6,2,6,28,0
602,38,0,0,833,53,5,0,8,37,0
603,53,0,1,305,18,7,0,8,47,0
604,27,1,1,1353,23,6,0,3,9,1
605,54,1,0,1048,44,3,2,4,2,0
606,26,1,0,869,38,2,1,1,3,0
607,41,0,0,575,59,2,1,2,44,0
608,52,0,2,942,1,3,1,9,48,0
609,66,1,0,1166,4,8,2,10,5,0
610,52,1,0,507,51,8,1,10,10,0
611,65,1,2,290,44,1,0,2,28,0
612,53,0,0,1616,47,4,1,6,15,0
613,35,0,2,1757,35,0,2,7,14,0
614,66,1,0,1001,23,3,2,6,46,0
615,56,1,0,309,27,1,1,8,23,0
616,49,1,2,1784,26,7,2,9,13,0
617,41,0,0,1864,52,3,1,8,16,0
618,40,0,1,784,8,4,1,5,30,0
619,49,0,2,539,43,3,0,8,40,0
620,54,1,0,1788,16,4,2,10,8,0
621,29,1,2,1178,41,4,0,10,17,0
622,66,0,0,555,3,4,2,9,30,0
623,30,1,1,367,32,2,1,8,17,0
624,40,0,0,756,5,6,2,2,35,1
625,42,1,2,1675,20,2,1,2,1,0
626,52,1,0,1104,14,1,2,3,49,0
627,58,1,0,304,32,2,0,7,24,0
628,47,1,1,349,26,2,0,9,48,0
629,34,0,1,345,47,7,1,8,49,0
630,66,1,0,915,6,3,0,9,25,0
631,37,0,0,1073,59,2,1,6,2,0
632,65,0,1,498,58,9,1,1,25,1
633,42,0,1,1390,36,4,1,4,14,0
634,39,1,0,1936,40,3,2,6,39,0
635,30,0,0,845,51,8,1,6,33,0
636,36,0,0,922,59,7,0,8,17,0
637,66,0,1,1271,5,6,2,1,31,1
638,53,1,0,837,13,7,0,2,10,1
639,29,1,0,438,32,4,1,2,6,0
640,58,0,2,1230,16,3,1,6,39,0
641,36,1,0,663,1,6,0,7,25,0
642,29,0,0,652,13,0,2,2,38,0
643,26,0,0,983,54,5,0,5,37,0
644,24,1,0,1096,11,7,1,6,30,0
645,45,0,0,570,53,6,2,4,34,1
646,31,1,2,1772,8,1,1,1,18,0
647,48,1,0,686,25,6,1,3,24,1
648,69,0,2,1434,40,5,0,10,49,0
649,36,1,1,364,32,4,1,9,27,0
650,64,1,2,1348,24,3,0,6,27,0
651,33,0,0,1560,28,0,2,2,39,0
652,22,0,0,391,14,1,1,9,21,0
653,52,1,0,929,45,6,1,4,19,1
654,29,1,0,413,3,9,2,8,39,0
655,42,0,0,773,36,2,0,10,23,0
656,69,1,2,1551,27,4,1,7,39,0
657,38,1,0,1156,20,7,2,3,48,1
658,53,1,0,580,47,7,1,8,44,0
659,40,1,0,872,15,5,0,4,47,0
660,33,1,2,1801,27,4,0,2,15,0
661,56,1,0,997,53,1,0,5,43,0
662,62,1,2,438,45,8,0,1,2,1
663,59,0,0,1755,41,0,2,8,35,0
664,56,0,1,899,28,1,1,8,20,0
665,31,0,1,1305,25,0,2,3,28,0
666,48,0,0,1586,42,3,0,1,15,0
667,22,0,0,704,44,3,0,4,16,0
668,52,1,0,401,46,4,0,9,33,0
669,40,1,0,1119,33,4,0,9,47,0
670,46,1,2,1727,46,7,1,1,12,1
671,60,1,1,1867,14,2,0,7,39,0
672,28,0,2,236,8,5,1,6,39,0
673,35,1,1,843,48,2,0,7,43,0
674,64,1,0,1812,14,1,1,7,20,0
675,29,0,0,1824,1,7,1,8,29,0
676,26,1,2,1625,16,0,0,8,43,0
677,27,1,0,964,18,8,2,10,49,0
678,61,0,2,905,7,6,2,2,3,1
679,34,1,0,1399,15,9,2,4,48,1
680,55,1,0,744,24,3,2,4,5,0
681,24,1,1,1793,49,2,2,10,2,0
682,63,1,0,1690,51,5,0,8,23,0
683,30,1,1,1424,55,8,0,3,26,1
684,57,0,1,739,13,8,0,3,26,1
685,59,0,2,1770,9,3,0,2,7,0
686,26,0,2,1216,56,9,0,1,10,1
687,67,0,2,1860,56,4,0,8,5,0
688,44,0,1,593,15,8,1,9,47,0
689,19,0,0,1032,57,1,1,9,12,0
690,22,1,0,1265,58,1,0,8,32,0
691,46,0,2,796,35,4,0,5,42,0
692,54,0,0,592,24,0,1,1,31,0
693,55,1,0,899,33,7,1,9,22,0
694,36,1,0,1846,16,4,0,6,17,0
695,25,0,2,640,8,9,1,7,20,0
696,65,1,1,1840,29,1,2,8,20,0
697,62,0,0,1729,23,8,2,5,43,0
698,18,1,1,1117,45,1,2,6,8,0
699,39,0,2,519,31,6,1,7,47,0
700,69,1,1,752,40,7,0,7,34,0
701,34,1,2,1438,49,5,0,2,49,0
702,24,0,2,1294,54,6,0,1,23,1
703,42,0,0,767,55,0,1,8,38,0
704,62,0,1,1118,14,3,1,5,28,0
705,21,0,0,435,59,6,2,10,13,0
706,53,0,1,1504,53,0,1,2,29,0
707,23,1,1,1186,30,0,2,3,8,0
708,48,0,0,1840,53,5,2,6,11,0
709,36,0,0,1385,39,3,0,10,47,0
710,61,1,2,1414,27,2,1,6,45,0
711,56,1,0,1232,47,4,0,8,18,0
712,44,0,1,259,16,8,0,5,25,0
713,27,1,0,1092,51,9,1,5,49,0
714,43,1,0,424,6,9,1,7,22,0
715,36,0,1,899,55,9,2,10,45,0
716,56,1,2,781,33,2,2,5,35,0
717,20,1,1,1510,44,4,2,9,29,0
718,62,0,0,1193,18,9,2,6,21,0
719,30,0,2,368,16,4,0,7,7,0
720,67,1,2,1285,12,8,0,8,12,0
721,45,1,2,1572,20,9,1,5,36,0
722,37,0,2,1665,45,3,2,4,24,0
723,45,1,2,213,40,0,2,8,32,0
724,25,1,0,363,59,9,2,10,27,0
725,58,1,0,1643,29,4,0,9,32,0
726,56,0,2,956,30,0,1,1,32,0
727,18,1,0,1743,26,5,0,3,32,0
728,20,1,2,1889,22,9,1,4,26,1
729,30,0,0,1771,33,9,1,7,11,0
730,45,1,2,1783,58,6,0,6,46,0
731,66,1,2,1820,53,0,0,10,18,0
732,42,0,0,1251,39,9,1,10,39,0
733,50,0,0,1931,47,3,0,1,5,0
734,55,0,0,645,29,8,0,4,16,1
735,23,0,2,1431,22,0,1,6,11,0
736,61,1,1,1693,45,8,1,3,35,1
737,62,1,0,915,13,7,2,2,48,1
738,49,0,2,1175,9,4,0,2,11,0
739,62,0,0,1018,24,5,1,10,42,0
740,64,1,0,303,15,6,0,4,23,1
741,38,0,1,941,36,3,0,1,34,0
742,33,1,0,625,13,5,1,10,48,0
743,38,0,0,1324,27,6,2,2,17,1
744,28,1,0,1764,44,5,1,10,10,0
745,54,0,0,838,37,5,1,2,18,0
746,53,0,0,1049,7,1,0,4,44,0
747,52,1,0,1745,8,4,2,4,8,0
748,36,0,2,1329,37,2,1,1,26,0
749,37,1,0,1902,41,6,0,7,3,0
750,35,1,2,968,14,3,1,7,24,0
751,64,1,0,476,58,0,0,10,3,0
752,58,1,0,1288,12,5,1,10,38,0
753,66,1,2,1099,36,5,2,10,2,0
754,31,0,1,387,52,6,1,1,35,1
755,32,0,0,1540,40,7,0,8,17,0
756,48,1,1,1361,17,2,1,10,9,0
757,18,0,2,1566,40,5,2,7,36,0
758,20,1,2,304,53,9,2,7,22,0
759,33,0,2,745,29,1,2,6,31,0
760,40,0,0,579,27,8,2,4,34,1
761,28,0,0,309,1,1,0,8,24,0
762,29,0,2,744,52,2,1,2,9,0
763,27,1,0,553,34,9,2,7,46,0
764,49,1,1,942,4,1,1,3,43,0
765,33,0,0,516,24,8,0,3,2,1
766,25,0,0,1489,21,0,1,7,21,0
767,55,1,2,1917,33,4,1,3,34,0
768,29,0,0,1288,7,0,2,5,27,0
769,41,1,2,532,1,4,2,8,37,0
770,45,1,2,1736,41,7,0,4,7,1
771,25,1,1,1356,3,7,1,7,22,0
772,45,0,2,791,44,7,0,7,4,0
773,53,1,2,982,51,1,0,2,14,0
774,43,0,2,1976,15,7,0,8,34,0
775,25,1,1,739,31,4,2,10,23,0
776,67,0,0,934,54,0,2,10,44,0
777,45,0,0,1758,16,6,1,9,42,0
778,45,0,0,1719,10,5,1,6,25,0
779,54,1,0,820,54,4,1,5,1,0
780,58,1,2,818,29,0,2,1,48,0
781,53,0,2,1880,59,0,2,1,15,0
782,44,0,2,1592,59,5,0,9,32,0
783,34,0,0,1108,6,9,2,4,14,1
784,26,1,2,1874,29,6,0,1,41,1
785,50,1,0,1191,17,9,0,10,21,0
786,37,1,2,298,53,9,2,3,47,1
787,30,1,2,516,22,0,0,6,7,0
788,45,0,0,322,24,8,0,8,36,0
789,65,0,0,1543,17,3,1,10,21,0
790,46,1,0,998,21,4,0,2,40,0
791,30,1,1,1816,51,1,2,8,12,0
792,63,0,1,1718,50,9,2,1,15,1
793,52,1,2,656,11,7,0,2,15,1
794,23,1,0,721,56,1,1,8,17,0
795,35,1,0,719,7,2,2,7,34,0
796,68,1,2,1116,42,8,2,5,44,0
797,22,1,2,916,39,1,1,10,35,0
798,64,1,0,514,5,5,0,2,39,0
799,42,0,0,908,44,3,2,9,38,0
800,19,1,2,909,48,6,0,5,14,0
801,27,1,0,1765,57,5,0,8,5,0
802,47,0,0,1702,21,9,0,4,30,1
803,67,0,0,1243,18,8,0,9,4,0
804,62,0,2,759,35,8,2,10,15,0
805,22,1,1,1168,20,9,1,7,39,0
806,50,0,1,1353,15,3,2,2,35,0
807,18,1,2,1516,5,0,1,3,45,0
808,35,1,2,1355,13,1,0,2,10,0
809,49,1,0,555,51,7,1,5,2,0
810,64,0,2,1277,12,9,0,2,44,1
811,66,0,0,1089,55,7,2,5,24,0
812,28,0,2,992,21,1,2,9,28,0
813,38,0,0,1610,37,3,1,2,22,0
814,43,0,0,464,6,0,0,9,44,0
815,42,1,0,1181,7,6,0,7,32,0
816,39,1,0,1438,26,3,1,7,31,0
817,44,1,0,1683,42,7,0,5,19,0
818,66,1,0,1681,48,8,0,8,21,0
819,30,0,1,1001,8,8,0,7,3,0
820,50,0,0,242,9,2,2,6,6,0
821,51,1,2,1809,27,4,2,2,32,0
822,58,0,1,1061,4,5,2,6,2,0
823,52,0,1,1501,21,5,0,2,24,0
824,18,1,2,1977,31,9,2,1,45,1
825,38,1,1,1353,21,7,0,9,27,0
826,65,0,0,549,40,5,0,5,9,0
827,23,0,0,1929,25,5,1,10,13,0
828,45,1,0,1767,39,3,0,10,14,0
829,34,1,2,1329,15,6,2,4,11,1
830,22,1,2,1111,53,7,2,8,14,0
831,48,0,0,1939,35,2,0,5,16,0
832,22,1,0,200,49,6,2,7,10,0
833,55,1,2,1980,43,2,0,3,20,0
834,20,0,0,783,41,7,1,8,16,0
835,40,0,2,631,37,0,0,8,34,0
836,54,0,2,1529,57,0,0,3,16,0
837,54,0,2,1750,42,5,1,9,14,0
838,27,0,2,252,47,9,2,8,28,0
839,27,1,1,1139,28,8,1,1,18,1
840,36,1,0,719,14,3,1,8,26,0
841,34,0,2,1553,4,5,0,4,38,0
842,38,0,2,1781,53,4,0,6,7,0
843,31,0,0,1548,20,0,1,10,45,0
844,26,0,0,1337,34,5,2,9,34,0
845,63,0,0,346,12,8,1,5,47,0
846,18,1,0,1389,33,2,2,7,49,0
847,68,1,2,1602,24,2,1,1,45,0
848,62,1,1,1362,20,1,1,9,7,0
849,30,1,0,828,5,3,2,6,33,0
850,21,0,0,498,38,9,1,4,35,1
851,18,1,1,1499,30,2,0,6,39,0
852,66,0,0,988,24,1,1,5,21,0
853,57,0,0,1049,43,0,0,3,49,0
854,49,0,2,377,40,2,2,7,28,0
855,51,1,2,1041,7,9,2,3,32,1
856,45,0,0,1577,36,5,0,2,44,0
857,48,1,0,1377,38,8,1,4,16,1
858,25,1,0,1424,16,4,0,7,10,0
859,56,0,2,1077,52,2,0,5,23,0
860,43,0,2,1338,15,4,2,9,48,0
861,51,0,0,1894,46,4,0,10,15,0
862,20,1,2,1777,23,4,1,7,43,0
863,67,0,1,958,12,6,0,9,6,0
864,29,1,0,1291,29,4,2,9,33,0
865,18,0,0,1668,44,6,1,2,39,1
866,61,0,2,644,48,8,2,1,12,1
867,22,1,0,1549,15,4,0,4,36,0
868,47,1,0,907,29,1,0,4,31,0
869,47,1,2,801,45,4,2,2,10,0
870,34,1,1,1846,43,7,2,3,34,1
871,65,1,1,1582,49,3,1,3,41,0
872,64,1,2,344,21,1,2,5,10,0
873,40,0,2,474,15,9,2,1,11,1
874,32,0,0,708,14,2,0,9,14,0
875,54,1,2,1402,42,8,0,8,3,0
876,38,0,0,952,44,8,2,8,33,0
877,31,1,0,676,16,7,2,3,7,1
878,19,0,2,1637,15,7,0,2,4,1
879,28,0,2,1376,42,7,1,1,39,1
880,68,1,0,1327,4,7,1,6,48,0
881,56,1,1,1298,27,7,1,10,10,0
882,55,1,0,1351,23,0,1,1,15,0
883,51,0,0,1934,29,5,0,5,16,0
884,55,1,0,865,41,8,2,9,38,0
885,67,0,2,767,53,7,1,9,4,0
886,51,1,2,1568,52,2,0,4,4,0
887,35,0,0,730,9,0,2,7,36,0
888,47,0,2,358,53,1,1,7,27,0
889,32,1,0,1761,57,1,2,4,22,0
890,44,0,2,1649,56,6,1,5,22,0
891,68,0,0,880,52,5,2,9,17,0
892,51,1,0,222,43,1,1,7,45,0
893,69,0,1,1270,43,7,1,7,34,0
894,55,1,0,724,7,8,2,10,32,0
895,50,1,0,928,53,6,2,7,6,0
896,41,1,2,1929,42,3,2,9,33,0
897,32,1,1,343,4,0,0,5,8,0
898,47,0,0,1808,5,3,0,6,36,0
899,59,0,0,867,5,3,2,3,5,0
900,68,0,0,1812,11,7,0,1,5,1
901,34,1,2,1642,41,3,1,2,47,0
902,22,0,0,880,28,3,2,8,10,0
903,46,0,2,1172,16,1,0,1,40,0
904,21,1,1,998,41,9,2,10,7,0
905,27,1,0,284,54,6,1,7,12,0
906,34,0,0,615,30,3,1,5,30,0
907,27,1,0,893,4,5,0,6,25,0
908,34,1,0,681,2,2,1,8,28,0
909,37,1,1,655,46,6,2,4,43,1
910,41,1,0,1026,3,5,0,6,13,0
911,22,0,0,496,50,2,2,3,47,0
912,51,1,2,1335,21,3,2,7,49,0
913,23,1,0,1453,6,9,2,2,22,1
914,19,1,2,1319,43,4,1,8,18,0
915,30,1,0,1149,53,8,2,7,27,0
916,60,1,1,879,18,5,1,8,8,0
917,60,1,1,577,44,3,2,2,6,0
918,65,1,2,1379,5,6,1,3,11,1
919,28,1,1,620,9,1,1,4,29,0
920,68,0,0,304,20,3,1,9,41,0
921,64,1,0,1928,28,4,2,5,5,0
922,40,0,2,529,26,3,2,6,7,0
923,33,1,2,638,18,3,1,1,22,0
924,48,1,0,1355,19,8,2,4,47,1
925,28,1,0,581,3,1,1,4,4,0
926,33,1,0,337,9,5,2,10,32,0
927,25,0,0,1142,36,7,1,8,19,0
928,21,1,0,1042,31,7,1,8,45,0
929,57,1,2,469,49,6,0,10,33,0
930,21,0,0,1773,17,9,2,6,1,0
931,42,0,0,595,55,3,2,8,46,0
932,20,1,2,1780,23,6,0,9,41,0
933,49,0,2,1112,34,9,1,5,44,0
934,20,0,1,663,41,5,1,1,41,0
935,44,0,2,1898,41,5,0,1,8,0
936,46,1,0,649,5,1,0,2,32,0
937,49,1,1,1554,15,7,1,2,30,1
938,67,1,2,1476,47,7,2,5,46,0
939,68,0,0,1904,3,6,0,7,28,0
940,36,1,2,1508,19,8,0,7,41,0
941,38,0,1,1497,28,7,0,4,32,1
942,22,1,0,219,3,8,0,4,25,1
943,35,1,0,438,38,8,0,10,34,0
944,45,0,0,1493,4,5,0,3,33,0
945,59,1,0,617,24,1,1,2,13,0
946,39,0,0,1533,31,6,1,3,25,1
947,38,0,2,1254,45,2,0,8,42,0
948,23,1,0,1327,59,6,1,1,40,1
949,18,0,1,1905,45,8,2,4,39,1
950,22,1,2,385,59,9,2,7,44,0
951,58,1,2,1351,11,9,0,5,49,0
952,29,0,1,1433,37,1,2,2,44,0
953,43,1,0,1637,1,5,2,1,48,0
954,63,0,0,1504,9,5,1,6,10,0
955,51,1,2,452,17,8,1,5,31,0
956,66,1,1,218,54,8,1,3,44,1
957,31,1,2,911,1,4,1,9,11,0
958,43,1,0,1955,3,4,2,3,25,0
959,62,1,1,1359,47,8,0,2,46,1
960,44,0,0,422,26,7,1,5,45,0
961,26,0,1,202,53,6,2,9,34,0
962,43,0,1,1459,31,7,1,8,20,0
963,64,0,0,1053,26,5,2,6,7,0
964,39,0,2,1688,23,2,1,3,33,0
965,64,0,0,427,30,6,0,6,35,0
966,47,1,0,1112,10,7,1,5,29,0
967,60,1,2,1877,8,7,0,1,12,1
968,65,0,2,698,44,0,1,5,5,0
969,34,0,1,720,25,6,1,7,12,0
970,43,1,2,901,22,2,1,9,29,0
971,53,1,0,1116,15,1,2,1,35,0
972,18,1,1,1900,59,1,2,3,20,0
973,25,0,1,1362,41,7,0,8,37,0
974,66,0,0,1499,56,8,0,6,1,0
975,52,0,1,490,57,2,2,5,16,0
976,69,1,0,1276,10,2,0,10,30,0
977,32,1,1,1910,20,5,0,2,9,0
978,64,0,0,1333,41,9,2,3,42,1
979,39,0,0,914,47,0,2,2,10,0
980,31,1,0,1147,23,5,2,1,13,0
981,43,1,2,847,53,2,2,7,48,0
982,45,1,0,1227,53,3,1,3,20,0
983,40,1,0,1890,1,8,2,7,29,0
984,31,0,2,883,2,2,0,7,4,0
985,41,1,1,1069,58,0,1,8,46,0
986,19,1,0,1270,19,2,1,1,49,0
987,62,1,0,293,14,6,0,5,28,0
988,43,0,0,1139,8,6,1,10,37,0
989,31,0,0,759,38,4,0,9,13,0
990,68,1,1,1975,12,0,1,7,3,0
991,24,1,1,412,26,7,1,1,37,1
992,20,1,2,635,27,9,0,8,48,0
993,64,0,0,1051,29,7,0,3,19,1
994,40,0,2,707,15,9,0,4,28,1
995,63,0,2,1035,46,9,0,4,19,1
996,60,1,1,850,53,9,2,10,17,0
997,64,0,2,404,1,1,2,8,18,0
998,62,1,2,580,43,9,0,1,18,1
999,35,1,2,1296,28,2,2,8,23,0
1000,55,1,0,1739,57,3,0,9,40,0
1001,52,0,1,1299,3,0,0,9,9,0
1002,68,1,2,276,51,3,1,5,29,0
1003,32,0,2,1015,18,4,0,4,42,0
1004,42,0,0,967,52,2,0,4,29,0
1005,54,1,2,609,34,9,0,9,2,0
1006,45,1,2,1837,32,1,0,8,17,0
1007,27,0,0,305,29,5,1,10,45,0
1008,56,1,0,750,25,7,0,10,31,0
1009,34,0,2,1699,26,6,1,7,28,0
1010,56,1,2,1025,39,0,0,3,43,0
1011,39,0,2,1498,8,3,1,4,48,0
1012,43,0,0,287,19,2,2,9,39,0
1013,61,0,2,1946,54,5,1,8,30,0
1014,42,0,0,1080,47,8,1,1,35,1
1015,34,1,0,1300,42,8,0,3,48,1
1016,30,1,0,1300,22,6,1,10,20,0
1017,37,0,0,1665,29,8,1,2,16,1
1018,42,0,0,739,33,7,0,2,34,1
1019,21,1,0,444,38,4,2,8,14,0
1020,27,1,0,777,45,8,2,6,26,0
1021,20,1,0,1605,46,6,2,6,20,0
1022,58,1,2,1181,35,4,1,4,42,0
1023,62,1,0,916,43,7,0,1,24,1
1024,35,1,0,1793,3,6,2,7,43,0
1025,64,0,1,1936,19,8,2,8,18,0
1026,53,1,0,1960,10,9,2,2,43,1
1027,64,1,2,341,27,0,2,2,9,0
1028,39,0,0,1092,15,8,0,1,19,1
1029,51,1,0,1591,11,6,2,4,20,1
1030,64,1,2,1307,47,0,1,6,42,0
1031,25,1,2,1366,26,0,1,5,30,0
1032,57,1,1,551,59,4,0,4,26,0
1033,66,1,2,744,24,7,2,4,31,1
1034,61,0,1,1112,13,8,2,10,35,0
1035,36,1,0,351,32,5,1,7,3,0
1036,59,0,0,1381,37,9,0,7,40,0
1037,58,0,0,1669,4,7,1,2,29,1
1038,54,1,0,852,13,5,0,7,6,0
1039,23,0,2,1157,9,5,0,2,1,0
1040,69,1,2,962,57,3,0,4,24,0
1041,43,0,0,1526,49,4,1,1,38,0
1042,51,0,1,823,34,1,0,5,34,0
1043,62,1,1,855,56,2,1,1,7,0
1044,23,1,0,649,37,2,1,4,11,0
1045,54,1,0,920,48,4,2,9,11,0
1046,50,1,0,1447,7,4,1,8,36,0
1047,39,1,0,242,1,5,1,6,20,0
1048,38,0,0,463,58,4,2,8,16,0
1049,23,0,2,1979,12,5,2,5,5,0
1050,23,0,0,1226,21,7,2,7,24,0
1051,65,0,0,1860,11,1,0,8,30,0
1052,21,0,1,1491,44,3,0,7,30,0
1053,47,0,2,795,51,5,2,4,39,0
1054,28,0,1,1239,58,4,0,5,48,0
1055,47,1,0,1557,44,0,2,10,47,0
1056,48,1,0,1687,44,8,0,6,37,0
1057,41,0,2,1282,14,2,1,6,33,0
1058,26,0,0,1212,34,1,0,9,20,0
1059,20,1,0,376,34,8,0,10,22,0
1060,68,1,2,262,25,6,1,2,41,1
1061,48,1,2,1157,4,4,2,6,21,0
1062,57,1,0,1202,52,5,0,3,37,0
1063,54,0,0,760,55,3,0,2,27,0
1064,53,1,0,1530,26,0,1,6,38,0
1065,41,0,0,1469,16,3,1,4,35,0
1066,48,0,0,1512,10,8,1,5,38,0
1067,23,0,0,1154,45,0,1,5,40,0
1068,19,1,0,1555,2,9,2,3,6,1
1069,37,1,1,1750,35,2,0,4,32,0
1070,45,0,2,1049,19,4,0,3,16,0
1071,28,0,2,1478,6,6,0,7,28,0
1072,21,0,0,803,19,8,0,1,16,1
1073,32,1,0,1733,59,5,2,6,27,0
1074,23,0,0,1941,53,2,0,4,3,0
1075,66,1,0,805,52,6,2,1,49,1
1076,47,0,0,1960,51,3,2,1,21,0
1077,55,0,2,1029,8,2,1,5,38,0
1078,68,0,2,1686,14,6,1,5,38,0
1079,19,1,2,1422,10,6,0,10,30,0
1080,32,1,0,1494,3,3,2,7,22,0
1081,28,0,1,945,38,6,1,4,19,1
1082,25,1,0,757,29,1,2,9,31,0
1083,43,0,0,263,15,0,1,4,20,0
1084,68,1,0,1453,23,1,2,7,47,0
1085,62,1,2,1141,23,3,0,5,19,0
1086,61,1,1,448,18,7,0,5,2,0
1087,22,0,0,1469,46,2,2,6,40,0
1088,23,1,1,1139,19,9,1,8,39,0
1089,43,1,1,1810,28,5,1,5,27,0
1090,21,0,0,356,26,5,0,3,8,0
1091,36,0,0,934,10,8,0,6,45,0
1092,37,0,0,1925,47,8,0,2,27,1
1093,50,0,1,1184,4,3,1,8,15,0
1094,37,1,0,1787,55,8,1,8,12,0
1095,66,1,2,1311,2,5,0,3,47,0
1096,29,1,0,1536,3,1,2,8,14,0
1097,64,1,2,1289,7,9,1,9,7,0
1098,18,1,0,861,55,5,0,5,17,0
1099,43,0,2,1243,16,1,2,5,26,0
1100,31,1,1,232,31,7,1,6,37,0
1101,55,1,1,757,10,3,2,7,20,0
1102,54,1,1,272,19,4,2,3,10,0
1103,28,0,0,1024,28,7,1,5,19,0
1104,53,0,2,1566,17,7,0,1,18,1
1105,30,1,0,1356,28,5,2,10,30,0
1106,60,0,0,1278,19,3,0,5,30,0
1107,20,0,2,260,37,0,1,4,25,0
1108,50,0,0,1743,23,6,2,1,24,1
1109,23,0,2,471,20,7,2,7,10,0
1110,67,0,1,445,13,8,2,1,2,1
1111,27,0,0,1399,13,1,2,8,38,0
1112,22,0,2,827,43,0,2,10,32,0
1113,40,1,0,1540,11,3,1,2,35,0
1114,27,1,0,904,48,4,2,10,37,0
1115,61,0,0,861,15,9,1,5,7,0
1116,19,1,1,1354,17,0,0,6,7,0
1117,30,1,1,1325,54,4,1,9,27,0
1118,57,0,1,509,50,5,2,7,10,0
1119,19,1,1,1515,28,2,0,6,33,0
1120,37,0,0,1945,19,6,1,5,43,0
1121,18,0,0,694,4,5,1,6,7,0
1122,54,0,2,1584,22,3,1,4,6,0
1123,26,1,0,537,22,2,2,1,6,0
1124,34,1,0,778,55,4,2,9,13,0
1125,26,1,0,209,37,2,1,5,48,0
1126,28,1,2,248,39,9,1,8,13,0
1127,32,0,2,1710,34,8,0,7,2,0
1128,41,0,0,822,33,8,2,8,19,0
1129,55,1,0,1544,44,5,2,1,19,0
1130,52,0,2,930,42,5,0,9,38,0
1131,47,0,2,1792,40,3,1,1,2,0
1132,48,1,0,994,33,3,1,3,26,0
1133,66,0,2,1170,12,1,0,8,6,0
1134,22,1,0,1848,2,9,1,1,20,1
1135,61,0,0,332,59,3,1,1,23,0
1136,67,1,2,1806,28,7,0,6,15,0
1137,31,0,2,282,10,9,0,5,6,0
1138,28,0,0,256,22,1,0,6,28,0
1139,26,1,2,575,17,8,1,3,35,1
1140,51,1,2,548,26,0,0,10,11,0
1141,29,1,2,470,3,1,1,10,8,0
1142,52,1,2,1706,7,1,2,6,49,0
1143,52,0,2,310,44,5,2,2,24,0
1144,18,0,0,1068,8,6,0,8,21,0
1145,57,1,0,1086,20,2,1,6,49,0
1146,39,0,0,275,12,8,1,4,36,1
1147,46,1,0,1381,35,4,1,4,7,0
1148,25,1,2,1755,17,4,0,7,5,0
1149,28,0,2,1866,28,3,1,3,29,0
1150,58,0,0,528,41,8,1,3,16,1
1151,54,1,0,321,10,7,1,6,6,0
1152,31,1,0,240,22,3,2,9,14,0
1153,47,1,0,1390,38,3,1,1,2,0
1154,52,0,2,1121,57,1,2,5,25,0
1155,38,0,0,841,33,8,1,1,31,1
1156,54,0,2,1246,22,2,1,1,13,0
1157,22,0,1,478,44,3,1,3,18,0
1158,36,1,0,962,37,6,2,3,17,1
1159,31,1,0,668,13,9,1,4,45,1
1160,43,1,0,1623,27,7,0,3,28,1
1161,21,1,2,208,15,7,1,6,12,0
1162,42,1,2,212,22,3,2,4,35,0
1163,62,1,0,1123,30,6,2,8,22,0
1164,59,0,2,1122,43,9,0,1,39,1
1165,42,0,1,1275,40,0,0,8,1,0
1166,35,1,0,1432,37,5,0,1,37,0
1167,57,1,0,1773,34,5,2,1,21,0
1168,25,0,1,1835,44,5,1,7,1,0
1169,56,0,2,1928,34,1,1,1,4,0
1170,57,0,1,1625,58,7,0,9,32,0
1171,31,0,2,1414,48,4,0,8,1,0
1172,49,1,1,1274,53,4,1,1,13,0
1173,68,1,0,1616,35,1,0,2,46,0
1174,55,1,2,852,42,3,1,2,47,0
1175,50,1,1,1903,19,8,1,2,17,1
1176,40,1,2,820,8,8,1,6,12,0
1177,32,0,0,1942,39,5,1,4,7,0
1178,50,1,0,1523,33,8,2,8,3,0
1179,42,0,0,1845,44,3,1,1,26,0
1180,34,1,0,395,28,0,0,10,31,0
1181,50,1,0,616,37,1,0,4,36,0
1182,64,1,2,863,48,0,0,10,26,0
1183,19,1,2,1643,25,7,0,5,3,0
1184,31,1,0,1978,36,8,2,9,44,0
1185,57,0,2,1863,17,9,1,5,28,0
1186,57,0,0,1840,24,5,1,3,44,0
1187,68,0,0,1745,21,1,0,4,17,0
1188,56,1,0,1579,2,5,0,10,38,0
1189,68,1,2,347,31,8,0,7,47,0
1190,23,0,0,1200,44,2,1,1,30,0
1191,23,1,0,1588,33,8,2,6,2,0
1192,20,1,0,563,30,1,2,8,8,0
1193,24,0,1,1875,12,4,2,1,14,0
1194,68,1,0,1925,44,1,2,8,37,0
1195,25,0,2,601,12,6,0,7,35,0
1196,59,1,2,805,51,9,1,1,42,1
1197,69,0,2,1715,57,8,0,9,39,0
1198,32,1,1,428,49,6,2,3,11,1
1199,64,1,0,1798,52,4,0,2,15,0
1200,46,0,0,736,24,3,2,7,2,0
1201,50,1,1,467,24,3,1,3,37,0
1202,69,1,0,1628,58,9,2,1,43,1
1203,47,0,2,1234,11,7,0,10,32,0
1204,56,1,2,1543,13,9,1,3,40,1
1205,44,0,2,1936,27,9,2,6,13,0
1206,53,1,1,325,8,9,2,3,43,1
1207,46,1,1,505,10,9,1,5,17,0
1208,55,1,2,1925,8,9,0,9,15,0
1209,50,1,0,1734,20,0,1,7,33,0
1210,54,0,1,1312,8,4,0,2,16,0
1211,44,1,0,1578,9,1,2,1,13,0
1212,50,0,0,827,7,8,2,7,22,0
1213,21,1,1,1575,14,6,1,4,23,1
1214,39,1,0,888,28,9,2,7,36,0
1215,19,1,0,1237,2,7,1,6,43,0
1216,27,1,0,1480,57,5,2,7,10,0
1217,22,0,1,1432,43,8,2,4,17,1
1218,27,0,2,480,8,5,0,3,30,0
1219,50,0,2,642,13,6,1,5,13,0
1220,55,0,0,1036,21,6,1,3,30,1
1221,30,1,2,588,47,8,2,3,46,1
1222,48,0,2,816,28,7,0,4,30,1
1223,64,0,0,1706,35,0,0,8,7,0
1224,53,1,0,346,23,3,1,2,10,0
1225,62,1,0,1502,46,6,1,4,35,1
1226,41,1,1,720,15,7,2,3,2,1
1227,69,1,2,829,2,6,1,7,30,0
1228,32,0,1,1829,51,2,2,2,19,0
1229,46,0,0,633,12,3,0,1,39,0
1230,25,1,2,343,57,6,1,10,37,0
1231,22,1,2,488,52,7,0,1,3,1
1232,46,1,2,1609,36,6,0,6,25,0
1233,64,0,1,213,3,5,2,3,34,0
1234,21,0,0,456,5,8,0,7,22,0
1235,29,1,0,1569,3,8,2,8,38,0
1236,62,1,2,1921,57,6,2,5,14,0
1237,19,0,2,1568,47,7,0,5,39,0
1238,44,1,2,1623,19,5,0,2,2,0
1239,48,1,0,1430,2,0,2,8,32,0
1240,68,0,2,1057,44,0,2,10,43,0
1241,68,1,0,1142,37,5,0,1,3,0
1242,53,0,0,1395,54,1,2,10,41,0
1243,53,1,2,663,17,7,2,9,8,0
1244,43,1,2,469,14,0,1,1,26,0
1245,60,0,0,1444,28,1,1,1,32,0
1246,44,0,0,1375,27,7,1,1,11,1
1247,22,1,0,822,54,5,1,7,1,0
1248,37,0,0,1406,10,9,1,4,15,1
1249,28,1,2,1622,3,1,2,7,4,0
1250,27,1,1,271,36,1,2,5,4,0
1251,57,0,0,1641,38,6,1,7,28,0
1252,55,1,2,1506,56,4,0,10,10,0
1253,23,1,1,273,25,4,1,7,11,0
1254,25,0,1,554,22,7,0,4,23,1
1255,40,0,0,1950,48,6,2,2,47,1
1256,64,1,1,696,39,8,0,8,3,0
1257,43,0,0,1551,47,3,2,2,39,0
1258,63,0,0,1187,30,9,0,9,39,0
1259,60,0,0,1758,21,3,2,5,17,0
1260,29,0,0,779,30,1,2,9,22,0
1261,43,1,0,1109,28,2,1,9,27,0
1262,30,1,0,1670,31,0,2,8,16,0
1263,57,1,0,572,57,0,1,8,16,0
1264,35,0,1,561,52,6,1,4,40,1
1265,42,0,1,292,26,4,1,4,3,0
1266,50,0,0,1544,43,2,0,2,47,0
1267,64,0,1,523,22,6,0,4,33,1
1268,57,0,1,583,21,1,2,4,42,0
1269,60,0,2,774,1,2,1,6,2,0
1270,29,0,0,935,37,0,1,3,39,0
1271,61,1,2,936,13,7,2,2,46,1
1272,53,1,1,545,21,1,1,8,48,0
1273,65,0,2,1326,46,6,2,2,27,1
1274,21,0,0,1438,9,8,1,8,15,0
1275,22,0,2,1415,17,5,0,7,7,0
1276,54,1,2,1895,47,1,2,3,45,0
1277,25,1,2,918,21,1,2,6,42,0
1278,59,0,0,980,31,8,0,6,9,0
1279,66,0,0,1219,39,9,2,10,41,0
1280,45,1,1,1417,59,7,0,5,6,0
1281,48,1,1,1603,54,8,1,8,12,0
1282,26,1,0,1626,22,3,0,5,30,0
1283,68,1,1,863,12,3,0,7,20,0
1284,46,0,0,1972,55,1,2,6,20,0
1285,31,1,2,799,6,9,1,7,46,0
1286,57,1,2,210,53,0,0,9,27,0
1287,58,0,1,386,16,9,1,3,20,1
1288,39,1,1,925,26,3,0,10,7,0
1289,28,1,0,1238,5,9,2,7,40,0
1290,40,1,1,977,9,9,0,10,40,0
1291,18,0,0,1520,46,7,0,3,30,1
1292,63,1,2,610,40,1,1,2,8,0
1293,54,0,2,1155,14,7,0,7,2,0
1294,38,0,2,784,44,0,2,4,14,0
1295,43,1,0,1275,42,0,2,1,10,0
1296,63,1,1,1863,30,3,0,6,18,0
1297,53,1,0,1251,52,6,0,6,18,0
1298,40,1,0,776,52,8,1,6,16,0
1299,18,0,2,1240,26,4,1,2,5,0
1300,68,1,0,1574,53,1,2,1,31,0
1301,57,1,1,1651,45,6,1,3,37,1
1302,32,1,0,1873,29,1,0,2,20,0
1303,38,0,0,1452,19,8,2,6,23,0
1304,64,1,1,1989,47,8,1,6,32,0
1305,26,1,2,1188,8,2,2,5,42,0
1306,26,0,0,1433,23,7,0,10,17,0
1307,27,0,2,1654,53,3,1,10,13,0
1308,69,1,2,1517,42,2,0,5,49,0
1309,43,1,2,942,35,0,0,9,13,0
1310,58,1,0,1976,31,4,2,5,17,0
1311,52,1,1,1805,53,3,2,10,15,0
1312,69,1,1,1327,35,0,2,6,26,0
1313,42,0,2,403,32,9,1,4,44,1
1314,43,0,0,1276,58,7,1,10,28,0
1315,28,1,1,1173,5,7,2,1,42,1
1316,55,1,2,1139,16,7,1,4,45,1
1317,19,0,2,1598,17,2,1,2,30,0
1318,24,1,0,1277,32,5,2,10,43,0
1319,35,1,1,1499,38,6,0,3,35,1
1320,44,1,2,1558,58,8,1,7,22,0
1321,51,1,0,1254,32,4,1,7,10,0
1322,44,1,0,1358,52,8,0,1,11,1
1323,34,0,1,1281,20,5,0,8,38,0
1324,60,1,0,304,48,9,0,7,33,0
1325,61,1,1,1489,56,9,2,1,6,1
1326,68,1,2,1745,2,9,0,8,37,0
1327,41,0,2,1719,20,3,2,2,7,0
1328,42,0,0,452,47,0,0,8,44,0
1329,24,0,0,494,18,0,0,3,12,0
1330,69,0,1,867,1,9,2,10,7,0
1331,23,1,0,1381,58,4,2,7,2,0
1332,41,0,2,748,29,2,0,6,1,0
1333,50,1,0,830,29,4,0,5,23,0
1334,66,1,0,1290,19,4,0,10,25,0
1335,46,0,0,1977,44,0,1,2,18,0
1336,60,0,2,498,40,7,0,2,44,1
1337,39,0,1,1686,6,4,2,1,7,0
1338,43,0,0,1948,44,4,1,9,3,0
1339,45,0,0,300,39,8,2,8,29,0
1340,67,1,0,1279,50,7,1,8,10,0
1341,38,0,2,531,54,0,1,1,43,0
1342,66,0,0,1035,46,2,2,5,5,0
1343,24,0,1,1974,8,6,1,6,34,0
1344,34,1,2,592,24,0,2,2,8,0
1345,37,0,2,1966,20,0,0,10,14,0
1346,58,1,0,1073,54,4,1,5,40,0
1347,66,0,1,580,14,8,2,6,6,0
1348,37,0,0,291,5,5,1,9,1,0
1349,39,1,0,646,41,9,2,10,33,0
1350,45,0,2,308,40,1,0,1,40,0
1351,57,1,2,516,34,8,0,10,11,0
1352,66,1,0,1391,16,5,1,3,24,0
1353,24,1,0,1658,45,4,1,9,10,0
1354,18,0,2,641,7,4,2,1,44,0
1355,49,0,0,417,16,2,2,1,23,0
1356,30,0,1,1445,7,5,1,1,16,0
1357,47,1,2,872,27,3,2,7,37,0
1358,40,0,0,1751,14,9,2,5,16,0
1359,68,1,0,477,14,1,2,6,44,0
1360,36,0,0,1208,44,2,1,8,31,0
1361,49,1,2,768,33,8,0,2,6,1
1362,47,1,2,1797,33,8,0,2,30,1
1363,46,1,0,1209,44,5,2,3,37,0
1364,66,0,2,1074,20,9,1,3,1,1
1365,62,1,1,665,53,9,2,3,42,1
1366,46,1,0,1038,47,8,0,4,25,1
1367,47,1,1,953,36,3,2,3,46,0
1368,33,1,0,1825,7,4,0,2,21,0
1369,57,1,0,1807,32,9,1,9,35,0
1370,36,1,0,1037,48,5,2,6,38,0
1371,35,0,0,229,3,8,1,3,5,1
1372,18,0,0,558,39,4,2,9,49,0
1373,31,1,0,1511,29,7,2,4,12,1
1374,68,0,1,285,24,0,2,4,5,0
1375,64,0,1,1457,22,4,2,8,9,0
1376,67,1,2,946,6,9,2,7,44,0
1377,19,1,0,512,48,0,1,7,9,0
1378,45,1,0,564,24,9,1,10,35,0
1379,66,0,0,1104,40,5,0,7,1,0
1380,67,1,2,1492,23,6,2,10,47,0
1381,47,0,1,897,54,4,0,5,10,0
1382,55,1,0,330,38,0,1,7,46,0
1383,68,0,0,1002,10,5,0,4,39,0
1384,21,1,2,988,16,9,1,8,36,0
1385,18,1,0,550,11,4,2,9,37,0
1386,25,0,0,379,32,5,0,3,48,0
1387,46,0,2,1703,45,9,0,7,35,0
1388,56,0,2,1386,6,6,0,10,17,0
1389,20,0,0,1319,24,6,0,9,13,0
1390,49,0,0,973,33,1,2,1,6,0
1391,27,0,1,709,53,2,1,2,37,0
1392,27,1,0,564,51,5,1,7,48,0
1393,36,0,0,1180,12,2,2,2,32,0
1394,63,1,0,552,56,1,1,7,11,0
1395,51,1,0,999,27,3,0,1,17,0
1396,50,0,0,1659,38,4,2,3,5,0
1397,40,1,1,1306,18,9,1,5,6,0
1398,45,0,0,1448,45,8,2,6,10,0
1399,49,0,0,611,39,2,2,9,33,0
1400,67,1,2,934,55,2,1,9,30,0
1401,24,1,2,1180,13,5,1,3,21,0
1402,46,0,1,317,53,4,2,8,42,0
1403,25,0,1,681,40,5,2,4,17,0
1404,18,1,0,391,30,6,1,7,27,0
1405,20,1,2,790,53,2,2,6,3,0
1406,41,1,0,789,49,4,1,8,29,0
1407,40,1,1,858,41,7,2,6,2,0
1408,25,0,0,306,52,3,2,4,29,0
1409,64,0,1,581,13,9,2,2,49,1
1410,54,0,2,982,34,1,1,7,36,0
1411,20,0,0,589,36,3,0,4,34,0
1412,68,1,2,443,30,1,1,9,37,0
1413,50,1,1,784,25,2,2,9,42,0
1414,45,0,1,1068,2,3,0,7,1,0
1415,64,0,0,667,36,3,0,5,26,0
1416,25,0,2,1065,18,9,2,3,1,1
1417,51,0,0,1133,5,8,1,3,4,1
1418,52,0,0,1761,19,9,0,9,39,0
1419,49,0,0,1433,42,5,0,9,14,0
1420,41,0,0,803,18,8,1,4,46,1
1421,31,0,1,1860,57,3,1,1,18,0
1422,49,0,0,1214,32,8,0,10,34,0
1423,63,1,1,1296,21,8,1,5,1,0
1424,60,0,0,1858,10,5,0,8,22,0
1425,33,1,0,1532,37,4,2,10,16,0
1426,21,1,0,1919,49,2,1,4,22,0
1427,69,0,0,1922,22,4,0,10,16,0
1428,54,0,0,1933,13,2,1,10,28,0
1429,38,1,0,1813,55,4,1,4,28,0
1430,31,1,2,1059,17,4,0,9,22,0
1431,48,0,0,1409,9,1,2,9,6,0
1432,65,1,0,1476,24,8,0,7,25,0
1433,35,0,0,212,44,6,1,10,42,0
1434,24,0,1,498,14,5,0,8,2,0
1435,27,0,1,1299,46,4,1,4,7,0
1436,24,1,0,1274,8,3,0,8,17,0
1437,50,1,0,986,55,7,2,6,35,0
1438,40,0,0,348,37,1,2,3,20,0
1439,38,1,1,1954,19,7,2,7,44,0
1440,36,1,0,321,28,0,2,3,2,0
1441,65,1,0,1434,46,9,0,7,7,0
1442,36,1,0,1503,41,0,2,5,32,0
1443,53,1,0,737,30,2,0,4,49,0
1444,46,1,0,1908,7,4,1,3,19,0
1445,35,1,2,1379,59,5,1,8,12,0
1446,19,0,0,1461,58,3,1,4,9,0
1447,18,1,2,575,26,6,2,8,27,0
1448,64,1,0,281,40,6,2,10,14,0
1449,22,1,0,691,46,1,2,3,2,0
1450,37,1,1,555,54,1,1,10,21,0
1451,28,1,0,1124,46,1,1,9,4,0
1452,59,1,1,1496,11,1,1,6,21,0
1453,19,1,2,1803,14,8,1,5,48,0
1454,20,1,0,1267,21,4,0,5,22,0
1455,40,0,1,1204,8,7,0,3,49,1
1456,29,1,0,1796,3,4,2,2,2,0
1457,37,1,1,322,28,4,2,6,17,0
1458,22,1,0,1572,29,0,1,1,19,0
1459,54,1,1,907,23,5,0,7,40,0
1460,55,0,0,529,18,3,0,5,24,0
1461,47,0,2,1632,35,2,2,4,20,0
1462,26,0,2,1190,13,5,0,9,38,0
1463,51,0,1,522,12,1,2,10,12,0
1464,61,0,1,1334,47,7,1,1,25,1
1465,52,0,1,969,50,0,1,4,23,0
1466,69,0,1,1312,5,8,2,3,34,1
1467,39,0,0,632,39,7,1,6,32,0
1468,61,0,0,909,11,0,1,5,24,0
1469,41,0,0,993,58,9,0,7,42,0
1470,34,0,0,911,59,8,0,1,25,1
1471,27,0,0,1322,11,1,0,5,3,0
1472,47,0,2,738,59,2,0,2,25,0
1473,63,0,0,800,47,1,0,2,28,0
1474,40,0,2,1369,42,7,2,2,12,1
1475,49,0,0,1917,47,1,2,9,26,0
1476,34,1,0,456,31,9,0,10,48,0
1477,67,0,2,1412,31,1,1,3,44,0
1478,68,1,2,1463,13,0,1,4,8,0
1479,34,0,2,1070,14,6,2,5,5,0
1480,31,0,2,1098,49,1,2,4,11,0
1481,26,1,0,1726,45,9,2,4,42,1
1482,57,0,2,1931,42,4,1,5,35,0
1483,19,1,0,1008,25,4,2,10,27,0
1484,62,1,0,876,33,2,1,9,41,0
1485,42,1,0,470,33,2,2,9,44,0
1486,56,0,0,1743,15,2,1,6,38,0
1487,26,0,0,749,16,5,2,3,19,0
1488,39,0,1,1337,44,3,2,6,48,0
1489,60,1,1,1562,58,2,1,10,32,0
1490,63,1,0,767,56,1,2,4,46,0
1491,21,0,0,1185,38,2,0,3,28,0
1492,43,0,0,558,6,3,1,6,36,0
1493,46,0,0,1873,44,5,2,6,18,0
1494,62,0,1,1837,25,3,1,2,10,0
1495,51,0,0,1557,15,7,2,9,32,0
1496,40,1,2,1912,4,2,0,8,18,0
1497,54,1,0,1392,56,2,2,6,12,0
1498,28,1,1,1562,4,2,2,1,8,0
1499,23,0,0,997,30,7,0,2,33,1
1500,35,1,2,1484,34,3,1,4,46,0
1501,38,1,0,1086,27,0,2,7,38,0
1502,59,1,2,1958,31,1,2,9,14,0
1503,53,1,0,1422,56,9,0,10,2,0
1504,58,1,0,410,32,1,1,5,9,0
1505,55,0,1,486,44,2,1,10,44,0
1506,51,1,1,1915,39,5,0,2,5,0
1507,34,0,1,1985,52,7,0,1,34,1
1508,54,0,2,942,9,0,2,10,19,0
1509,42,0,1,1695,41,8,0,1,7,1
1510,55,0,0,1705,8,0,0,5,39,0
1511,29,0,0,1246,14,9,0,7,42,0
1512,40,1,0,1783,33,1,1,9,17,0
1513,59,1,2,1332,23,2,0,9,26,0
1514,39,0,0,495,21,6,2,8,46,0
1515,38,0,0,205,55,8,2,1,27,1
1516,44,0,2,749,12,2,2,5,43,0
1517,48,1,1,880,57,7,0,6,28,0
1518,23,0,0,994,2,8,1,6,20,0
1519,44,1,0,402,13,9,0,4,6,1
1520,57,0,0,524,59,6,0,1,8,1
1521,51,1,0,1024,4,3,2,3,32,0
1522,29,0,0,443,20,3,0,10,19,0
1523,62,1,2,526,50,3,1,4,32,0
1524,24,0,2,1186,51,5,2,4,19,0
1525,27,1,2,1270,48,3,1,4,24,0
1526,62,1,0,960,59,4,1,5,24,0
1527,34,1,1,1814,14,8,1,9,17,0
1528,43,1,0,1845,30,6,0,4,18,1
1529,38,1,0,1236,29,7,0,9,12,0
1530,45,1,1,1106,8,4,0,9,41,0
1531,63,1,0,1603,12,4,0,1,23,0
1532,19,0,0,564,41,6,2,5,48,0
1533,60,0,1,1825,38,7,0,9,18,0
1534,18,0,0,1565,26,8,2,4,16,1
1535,68,0,2,1444,50,1,1,5,16,0
1536,53,0,0,272,2,2,2,4,36,0
1537,68,1,2,1969,55,1,0,2,23,0
1538,43,1,0,1995,40,9,2,10,22,0
1539,46,1,0,1848,56,6,0,2,39,1
1540,38,1,2,1269,14,1,0,2,33,0
1541,28,1,0,1727,6,1,2,1,24,0
1542,57,0,0,473,42,1,2,3,20,0
1543,28,0,0,1778,40,3,1,10,33,0
1544,53,0,0,407,31,0,1,1,31,0
1545,66,0,0,1838,17,1,1,4,40,0
1546,56,1,0,323,25,2,1,1,8,0
1547,57,1,1,1233,32,6,1,4,10,1
1548,52,1,0,1552,12,9,2,3,1,1
1549,51,0,0,1410,49,0,1,9,21,0
1550,64,1,0,742,13,5,2,1,25,0
1551,41,0,0,1891,19,2,1,8,32,0
1552,39,1,1,259,44,2,0,9,46,0
1553,22,1,0,1984,48,3,1,7,46,0
1554,50,0,1,1098,25,3,0,1,10,0
1555,53,1,0,1085,31,6,2,4,48,1
1556,64,1,2,981,59,2,1,10,9,0
1557,37,0,2,641,37,7,2,1,20,1
1558,36,1,1,1440,25,7,1,4,48,1
1559,52,0,2,1110,16,6,2,3,20,1
1560,69,1,2,1225,57,1,1,2,40,0
1561,60,1,0,1759,38,4,1,1,7,0
1562,34,1,0,1941,43,5,0,6,11,0
1563,62,1,1,1031,49,9,2,7,21,0
1564,60,1,0,1207,58,3,2,6,38,0
1565,51,1,0,1934,23,9,2,9,47,0
1566,26,1,2,1579,14,4,2,9,19,0
1567,43,1,0,825,6,8,2,2,46,1
1568,19,0,1,1890,25,6,0,2,15,1
1569,26,0,2,1388,23,1,1,9,6,0
1570,26,1,2,1197,43,0,0,1,10,0
1571,57,1,1,933,12,1,2,5,46,0
1572,34,0,0,290,13,2,2,1,16,0
1573,18,1,0,366,36,1,1,7,45,0
1574,42,1,0,1158,39,2,0,9,11,0
1575,60,0,0,406,34,9,1,6,35,0
1576,57,1,2,1505,6,8,1,2,8,1
1577,59,1,1,1288,38,3,0,6,28,0
1578,42,0,0,715,50,8,1,9,3,0
1579,56,1,0,1380,52,2,0,3,2,0
1580,52,1,1,1984,40,0,0,9,14,0
1581,20,0,0,1992,8,4,2,8,29,0
1582,67,1,0,946,8,9,1,7,47,0
1583,54,0,0,505,40,9,2,8,3,0
1584,61,1,1,594,33,1,1,10,1,0
1585,61,1,2,1297,34,3,1,6,15,0
1586,68,0,2,386,44,1,2,3,20,0
1587,47,0,1,1797,15,1,2,7,22,0
1588,55,1,0,1560,36,2,2,4,34,0
1589,51,0,0,1899,57,4,0,10,33,0
1590,29,0,1,1791,35,3,1,5,9,0
1591,36,1,0,822,46,1,0,8,3,0
1592,54,1,2,929,22,9,1,7,2,0
1593,61,1,1,439,23,1,1,7,4,0
1594,66,0,2,732,40,5,0,8,16,0
1595,34,0,2,340,45,6,0,10,33,0
1596,27,0,1,1488,55,9,1,3,9,1
1597,66,0,1,338,51,5,2,3,40,0
1598,64,1,0,658,22,6,2,2,38,1
1599,29,0,0,269,5,0,2,1,18,0
1600,33,1,0,584,31,5,2,10,16,0
1601,41,0,2,829,13,2,1,6,8,0
1602,36,1,0,397,28,0,2,6,23,0
1603,25,1,2,404,58,7,2,10,36,0
1604,48,1,0,1949,20,3,2,8,3,0
1605,38,0,2,767,33,9,1,6,15,0
1606,34,1,0,1181,16,7,0,6,38,0
1607,40,1,2,1004,29,9,2,1,33,1
1608,54,0,2,1910,23,3,1,7,18,0
1609,33,1,0,1058,24,3,1,7,23,0
1610,23,0,0,1081,34,9,2,10,43,0
1611,25,0,2,1173,7,3,0,9,3,0
1612,42,1,0,839,38,5,0,7,30,0
1613,35,1,0,1654,37,8,0,8,45,0
1614,42,0,1,524,4,4,1,4,17,0
1615,29,1,2,641,34,9,2,9,32,0
1616,32,0,1,1003,42,7,2,1,46,1
1617,43,0,0,487,22,7,1,8,7,0
1618,58,0,0,425,5,3,2,3,39,0
1619,62,1,1,1287,50,9,2,1,14,1
1620,43,0,2,1166,42,8,0,2,15,1
1621,64,1,2,1137,23,8,2,6,44,0
1622,49,1,0,759,54,4,2,5,12,0
1623,27,1,0,913,15,5,1,3,8,0
1624,33,1,0,697,31,4,1,9,16,0
1625,24,0,0,1048,59,2,0,8,41,0
1626,34,1,0,1125,9,7,1,3,34,1
1627,40,0,0,259,43,8,0,2,46,1
1628,43,0,1,1620,58,3,0,8,24,0
1629,38,1,0,456,53,8,2,5,29,0
1630,39,0,2,776,25,8,0,9,16,0
1631,24,0,1,438,25,6,2,1,5,1
1632,31,1,2,237,49,7,0,10,5,0
1633,32,0,0,224,21,2,1,3,30,0
1634,24,0,2,609,9,4,1,5,5,0
1635,26,0,2,660,55,2,1,2,43,0
1636,68,0,2,1794,48,6,0,3,13,1
1637,65,1,2,1187,38,5,0,4,35,0
1638,25,0,1,1640,22,2,2,4,49,0
1639,67,0,2,556,43,8,2,9,25,0
1640,40,0,0,582,23,0,2,1,14,0
1641,46,0,2,1381,49,9,2,9,44,0
1642,35,1,0,768,4,2,0,9,46,0
1643,48,0,1,1656,29,9,0,6,26,0
1644,47,1,0,1271,15,6,2,1,18,1
1645,69,0,0,1551,1,2,0,6,20,0
1646,56,1,1,632,54,2,0,8,34,0
1647,52,1,2,1654,30,1,0,5,7,0
1648,35,1,0,255,29,8,0,5,47,0
1649,59,1,0,776,20,3,2,1,10,0
1650,56,1,1,467,33,9,2,1,15,1
1651,34,0,0,268,41,5,0,8,17,0
1652,31,0,1,1951,44,1,1,5,11,0
1653,48,0,0,1101,36,8,2,8,34,0
1654,41,1,2,1824,22,6,2,10,27,0
1655,52,0,1,1672,13,9,1,2,21,1
1656,61,1,0,992,7,4,2,4,31,0
1657,62,1,0,456,8,6,1,10,4,0
1658,51,0,0,871,28,3,1,9,41,0
1659,20,0,2,689,45,9,0,3,49,1
1660,54,1,2,945,43,6,2,6,17,0
1661,60,1,2,1866,9,1,1,7,49,0
1662,57,0,0,248,25,6,0,3,48,1
1663,43,0,0,1882,56,3,2,1,20,0
1664,40,0,0,515,16,3,0,2,25,0
1665,61,0,0,612,10,0,0,10,40,0
1666,56,1,2,633,11,2,1,7,23,0
1667,32,0,1,1225,31,4,2,7,15,0
1668,66,0,2,1368,12,4,0,1,33,0
1669,21,0,0,1589,31,1,1,10,19,0
1670,46,1,1,619,14,3,1,7,15,0
1671,39,1,2,1796,51,0,0,10,41,0
1672,42,1,1,1784,44,8,0,6,5,0
1673,30,1,2,1043,32,0,1,6,16,0
1674,35,0,0,1667,50,5,0,7,45,0
1675,50,1,0,1115,53,6,0,7,48,0
1676,33,0,2,633,17,2,2,1,32,0
1677,62,0,0,842,35,0,1,10,22,0
1678,59,0,0,1778,1,6,0,5,43,0
1679,61,0,2,256,29,2,1,8,32,0
1680,19,1,2,1785,51,9,2,8,13,0
1681,52,1,2,1163,4,5,1,3,38,0
1682,59,1,0,1176,23,5,1,3,26,0
1683,51,0,0,1401,28,3,1,7,17,0
1684,47,0,2,1516,16,5,2,4,5,0
1685,30,0,1,245,12,9,2,6,49,0
1686,30,0,2,1393,53,3,1,9,33,0
1687,35,0,1,1494,21,7,1,10,27,0
1688,49,1,2,616,45,8,2,2,5,1
1689,49,0,2,1047,17,1,0,2,37,0
1690,52,1,0,338,40,6,2,6,7,0
1691,56,0,2,446,13,8,1,3,48,1
1692,63,0,2,1371,52,8,0,1,18,1
1693,69,1,2,429,58,4,0,2,31,0
1694,46,1,0,991,32,0,0,7,6,0
1695,66,0,2,836,37,5,2,4,2,0
1696,46,0,0,1927,50,7,2,2,13,1
1697,61,0,2,573,15,0,2,8,42,0
1698,33,0,0,1303,12,1,2,4,11,0
1699,61,1,1,1829,49,0,1,4,26,0
1700,64,0,0,937,57,4,0,2,21,0
1701,27,1,0,1288,15,1,1,1,2,0
1702,47,0,0,287,34,9,2,1,40,1
1703,42,1,2,1311,6,9,2,3,20,1
1704,56,1,0,912,17,3,1,6,17,0
1705,37,0,0,1949,48,0,0,7,16,0
1706,22,1,2,1427,49,6,0,9,42,0
1707,18,0,0,1605,57,7,2,5,5,0
1708,47,1,1,800,20,4,2,9,14,0
1709,66,0,1,1699,9,1,2,8,24,0
1710,20,1,2,1796,59,7,2,1,4,1
1711,62,0,0,1829,5,0,0,3,48,0
1712,31,0,2,738,23,6,1,8,24,0
1713,47,1,0,413,33,0,0,9,47,0
1714,67,1,0,273,38,5,1,4,9,0
1715,21,1,0,260,56,5,2,6,3,0
1716,35,1,1,897,14,4,2,4,9,0
1717,54,0,0,1766,17,1,1,9,18,0
1718,42,1,2,1442,57,1,2,2,36,0
1719,65,0,2,211,19,8,0,6,19,0
1720,18,1,0,1013,33,4,2,3,24,0
1721,63,0,0,1638,1,4,2,10,4,0
1722,32,0,1,231,13,6,2,4,9,1
1723,26,0,2,1383,46,5,2,2,33,0
1724,32,0,2,1200,27,1,0,8,1,0
1725,66,1,0,436,6,0,1,10,35,0
1726,41,1,0,1962,59,4,2,8,10,0
1727,21,0,0,1404,6,3,2,1,12,0
1728,29,1,0,757,33,2,0,10,18,0
1729,54,1,0,1564,30,1,0,6,14,0
1730,54,0,1,1681,46,9,0,1,10,1
1731,60,1,0,1303,35,1,2,6,10,0
1732,23,1,0,846,23,3,1,7,18,0
1733,56,1,2,1995,10,1,0,2,24,0
1734,63,0,2,1186,51,3,0,9,1,0
1735,41,1,0,1019,19,2,0,8,30,0
1736,28,0,2,1982,51,8,1,9,15,0
1737,30,1,0,672,28,6,2,10,8,0
1738,51,1,0,1894,23,2,2,4,35,0
1739,42,1,0,1938,4,7,2,4,18,1
1740,24,0,1,311,20,8,0,8,41,0
1741,69,0,0,1515,19,6,2,1,16,1
1742,21,1,0,1854,42,5,0,8,21,0
1743,25,0,0,582,27,3,1,7,15,0
1744,37,1,1,216,57,4,1,7,5,0
1745,46,0,0,692,34,7,2,9,45,0
1746,68,0,0,1554,4,2,0,10,7,0
1747,62,1,0,1125,56,1,0,7,48,0
1748,63,1,0,1962,38,2,2,2,7,0
1749,27,1,2,1709,7,6,1,1,27,1
1750,60,1,2,1629,48,7,1,1,25,1
1751,51,0,0,316,7,0,1,7,22,0
1752,43,0,0,1778,50,6,1,5,48,0
1753,58,0,0,1079,52,8,1,4,13,1
1754,66,1,0,314,26,2,2,5,17,0
1755,20,1,0,1772,26,2,2,10,41,0
1756,23,0,2,1013,54,7,2,10,44,0
1757,22,1,1,1848,19,3,1,6,13,0
1758,22,0,1,1770,9,7,1,10,26,0
1759,64,0,1,843,20,4,2,6,9,0
1760,40,0,2,1559,42,2,2,1,5,0
1761,66,0,2,535,45,3,1,2,39,0
1762,26,0,0,1121,50,3,0,3,33,0
1763,52,1,2,1963,16,7,2,4,4,1
1764,37,1,0,346,54,5,1,6,28,0
1765,66,1,0,321,17,6,1,9,26,0
1766,59,0,2,280,22,8,2,2,4,1
1767,52,0,0,884,13,5,0,8,16,0
1768,67,0,0,1889,12,2,1,9,37,0
1769,35,0,1,861,10,2,2,2,22,0
1770,34,1,0,574,1,2,1,9,36,0
1771,41,1,0,1793,32,9,1,7,38,0
1772,20,0,1,262,30,1,1,9,35,0
1773,49,0,2,703,8,0,1,6,25,0
1774,52,0,2,867,21,9,0,2,8,1
1775,55,1,0,648,22,0,2,8,17,0
1776,30,1,0,1651,18,3,2,10,18,0
1777,64,1,1,1067,2,2,2,9,12,0
1778,42,0,2,1650,48,4,2,8,33,0
1779,26,0,2,1644,44,8,2,2,23,1
1780,21,1,0,1545,9,7,0,8,12,0
1781,31,0,0,879,3,8,1,3,11,1
1782,54,1,1,1389,54,4,1,3,13,0
1783,51,0,0,1820,26,7,2,9,35,0
1784,28,1,2,1872,21,3,1,9,27,0
1785,58,0,0,660,30,4,1,9,25,0
1786,20,1,2,658,28,2,1,4,40,0
1787,45,1,1,1412,36,4,2,7,3,0
1788,46,1,2,663,26,2,2,8,49,0
1789,26,1,0,1111,34,4,0,5,25,0
1790,20,1,2,578,8,4,2,1,45,0
1791,42,1,2,1225,10,5,0,9,10,0
1792,51,0,0,1841,48,8,2,6,17,0
1793,29,0,1,563,55,0,1,3,3,0
1794,59,0,2,271,43,9,0,3,45,1
1795,26,1,1,1650,50,5,0,10,22,0
1796,32,1,2,837,54,0,0,1,38,0
1797,57,0,0,1393,14,5,2,8,14,0
1798,42,1,0,1428,40,1,0,2,27,0
1799,22,1,0,536,55,7,2,1,42,1
1800,28,1,1,1695,15,2,0,7,20,0
1801,51,1,2,394,17,9,2,9,48,0
1802,41,1,2,1893,53,5,0,6,18,0
1803,32,0,0,1211,18,5,1,8,13,0
1804,55,0,0,852,32,3,1,8,42,0
1805,25,0,2,1498,38,4,0,9,6,0
1806,22,0,0,206,23,1,2,7,10,0
1807,65,0,0,1104,46,9,2,9,37,0
1808,43,1,2,1178,23,9,2,9,29,0
1809,35,1,0,765,35,7,1,1,6,1
1810,23,1,0,815,39,9,1,6,39,0
1811,54,1,0,772,15,6,1,8,11,0
1812,65,0,0,798,53,9,2,10,48,0
1813,30,0,1,969,24,5,2,9,25,0
1814,45,0,0,1401,28,6,2,4,44,1
1815,22,1,0,441,16,0,0,2,44,0
1816,30,0,0,1426,16,4,0,9,30,0
1817,34,1,2,1766,40,6,0,9,20,0
1818,67,0,0,1685,39,0,1,8,37,0
1819,57,0,2,1303,6,1,1,3,16,0
1820,62,1,0,1746,2,8,2,5,31,0
1821,49,1,0,1640,54,2,0,2,29,0
1822,46,0,0,965,13,5,2,3,6,0
1823,68,0,1,583,44,6,0,1,29,1
1824,20,1,1,590,47,8,0,4,32,1
1825,57,0,0,1095,59,4,2,5,9,0
1826,51,0,2,887,9,3,2,2,37,0
1827,57,1,1,1349,34,1,0,3,23,0
1828,44,0,0,1717,17,2,0,6,16,0
1829,30,1,1,246,27,4,1,6,18,0
1830,62,0,0,1941,29,1,2,7,19,0
1831,50,1,1,1699,37,3,2,9,44,0
1832,23,0,2,818,43,0,2,4,2,0
1833,41,1,1,663,22,3,2,5,10,0
1834,36,0,2,322,51,6,0,2,12,1
1835,33,1,0,1697,24,2,1,6,46,0
1836,57,0,1,333,7,9,2,4,18,1
1837,45,0,0,1842,34,7,0,5,19,0
1838,50,0,0,1040,48,5,0,7,38,0
1839,65,0,2,1785,12,5,0,6,37,0
1840,58,0,2,1048,23,0,0,8,27,0
1841,30,0,1,806,15,4,0,6,48,0
1842,60,0,0,222,33,2,2,10,14,0
1843,62,0,2,765,57,9,2,8,45,0
1844,42,0,2,965,13,0,1,4,34,0
1845,59,1,0,1164,23,7,2,7,2,0
1846,53,1,0,434,38,6,0,3,44,1
1847,44,0,0,1195,32,6,1,1,33,1
1848,55,1,0,1282,45,9,0,9,19,0
1849,24,0,1,1387,50,9,0,9,27,0
1850,22,0,2,1994,35,9,2,6,48,0
1851,60,1,2,1025,1,3,0,2,30,0
1852,62,0,1,415,47,5,2,8,7,0
1853,68,0,0,1406,58,8,0,10,27,0
1854,48,1,1,1792,45,2,1,6,21,0
1855,40,1,0,856,5,8,0,7,7,0
1856,59,0,1,1134,57,3,2,1,48,0
1857,27,1,0,1313,13,4,0,3,25,0
1858,49,1,1,510,54,6,2,1,38,1
1859,60,0,0,756,5,5,2,10,18,0
1860,47,1,0,1171,32,9,1,1,33,1
1861,56,1,2,456,51,7,2,1,33,1
1862,48,0,0,732,21,7,1,4,32,1
1863,35,1,2,1756,24,7,1,7,25,0
1864,53,1,0,251,18,2,0,7,14,0
1865,19,0,2,1561,21,9,1,5,38,0
1866,31,0,0,1394,54,5,2,6,38,0
1867,30,0,0,1290,10,6,2,2,4,1
1868,46,1,0,1848,24,8,1,5,44,0
1869,29,0,0,499,40,9,0,7,18,0
1870,56,0,0,871,47,9,1,9,10,0
1871,19,1,0,977,21,3,1,6,35,0
1872,49,0,0,1031,25,4,2,10,35,0
1873,30,0,0,431,52,7,0,4,40,1
1874,63,0,2,1174,57,0,0,3,23,0
1875,44,0,1,1291,59,5,0,9,25,0
1876,66,1,0,1729,23,3,0,7,1,0
1877,58,0,2,227,22,4,2,6,18,0
1878,34,0,2,1851,4,4,0,7,15,0
1879,57,1,0,1274,34,1,0,8,25,0
1880,48,0,2,1916,56,7,0,5,32,0
1881,51,1,0,1483,6,1,2,3,20,0
1882,41,1,2,790,28,3,2,3,17,0
1883,62,1,0,984,31,4,0,2,11,0
1884,52,0,2,819,35,0,2,8,13,0
1885,65,1,2,785,39,5,1,1,25,0
1886,23,1,0,1910,42,1,0,8,20,0
1887,36,1,0,1201,23,4,2,3,25,0
1888,47,0,1,383,6,5,0,9,42,0
1889,24,0,0,1246,16,7,0,2,45,1
1890,27,0,2,328,2,8,2,10,49,0
1891,58,0,1,490,24,5,1,9,31,0
1892,49,0,2,700,17,4,0,6,1,0
1893,51,0,2,385,45,3,1,1,16,0
1894,45,0,2,678,1,1,2,5,48,0
1895,32,1,1,1794,6,1,0,10,28,0
1896,47,1,0,691,5,6,2,9,21,0
1897,54,1,0,712,57,4,2,6,30,0
1898,46,1,0,1866,45,6,2,7,3,0
1899,39,0,1,1290,55,0,2,4,34,0
1900,21,1,2,666,50,0,0,1,6,0
1901,37,1,0,484,29,4,1,5,43,0
1902,49,1,1,800,12,1,1,2,29,0
1903,53,1,0,1640,39,7,0,8,3,0
1904,67,0,0,1323,47,2,0,4,33,0
1905,21,0,2,388,3,0,1,1,11,0
1906,44,0,0,1188,48,1,1,10,45,0
1907,34,1,1,1089,1,9,0,7,5,0
1908,29,0,0,587,27,9,2,2,32,1
1909,39,1,1,440,48,6,0,3,47,1
1910,34,0,2,1954,24,5,1,9,18,0
1911,27,0,0,616,44,7,2,9,47,0
1912,18,0,1,375,19,6,1,2,20,1
1913,39,0,2,586,59,9,2,3,39,1
1914,43,0,0,1694,8,7,1,9,49,0
1915,35,1,0,1052,55,2,2,1,40,0
1916,67,0,1,1456,44,5,0,2,28,0
1917,31,1,0,862,47,6,0,2,13,1
1918,64,1,0,651,2,9,2,10,26,0
1919,46,1,0,476,30,0,2,3,16,0
1920,29,1,0,1452,30,0,0,10,25,0
1921,53,1,2,1394,49,6,0,3,10,1
1922,52,0,0,1958,39,2,2,10,29,0
1923,69,0,0,412,45,2,2,2,46,0
1924,29,0,0,1505,32,4,0,8,38,0
1925,24,0,0,240,1,5,1,8,20,0
1926,46,1,1,1345,38,1,0,8,26,0
1927,28,0,0,1450,13,2,2,2,32,0
1928,50,0,1,493,11,5,2,9,39,0
1929,23,1,0,799,10,2,1,7,38,0
1930,64,1,0,1490,48,4,0,5,49,0
1931,32,0,1,740,59,8,2,7,24,0
1932,49,0,0,1982,26,2,0,8,31,0
1933,68,1,2,650,56,5,2,9,40,0
1934,28,0,1,1672,55,4,1,2,12,0
1935,40,0,0,1979,20,4,0,6,36,0
1936,43,0,0,1284,17,5,0,9,10,0
1937,51,0,2,1725,17,5,1,6,6,0
1938,63,1,0,1370,4,0,2,2,7,0
1939,51,1,0,1909,5,8,2,1,31,1
1940,46,1,0,989,23,4,0,3,27,0
1941,21,0,0,533,46,0,1,5,8,0
1942,34,0,2,1090,52,7,0,7,3,0
1943,52,0,0,1365,10,6,0,10,40,0
1944,30,0,0,243,46,6,2,10,47,0
1945,58,0,2,343,28,4,2,3,21,0
1946,56,1,0,532,33,0,2,9,1,0
1947,32,0,0,1197,43,8,2,10,45,0
1948,46,0,2,1720,26,8,2,4,15,1
1949,46,1,0,1619,55,7,1,10,7,0
1950,28,0,2,254,50,4,0,2,15,0
1951,69,1,1,1530,48,2,1,3,25,0
1952,49,1,0,1069,29,7,0,5,3,0
1953,19,1,2,1646,27,0,2,3,30,0
1954,64,1,0,1640,18,2,1,5,14,0
1955,31,1,0,1896,40,6,0,4,4,1
1956,37,0,1,996,10,3,2,10,36,0
1957,39,1,1,524,58,6,2,3,3,1
1958,28,1,0,1933,42,4,1,6,5,0
1959,44,0,2,1894,5,5,1,8,25,0
1960,20,0,1,279,10,6,1,4,31,1
1961,34,1,1,1254,50,9,2,9,11,0
1962,61,0,2,1184,21,6,0,6,8,0
1963,45,0,0,1335,24,6,0,5,26,0
1964,46,1,0,757,38,6,1,3,2,1
1965,38,1,1,1064,3,6,0,5,28,0
1966,64,0,0,916,40,2,2,5,48,0
1967,33,1,2,1787,31,2,0,4,10,0
1968,54,1,0,1873,41,6,2,6,39,0
1969,37,0,0,671,37,1,1,3,37,0
1970,23,1,0,273,2,1,0,10,39,0
1971,36,1,1,1776,2,2,2,1,21,0
1972,22,1,0,1702,39,3,1,7,28,0
1973,20,1,2,788,49,5,1,7,38,0
1974,18,1,0,1610,42,7,1,4,33,1
1975,55,0,0,1922,44,9,1,9,11,0
1976,32,0,0,763,34,9,0,2,45,1
1977,51,1,2,1656,42,6,2,1,44,1
1978,52,0,0,1635,20,3,0,3,1,0
1979,66,1,0,666,33,1,2,7,47,0
1980,42,1,0,798,4,1,1,9,33,0
1981,41,1,0,1844,45,3,0,2,3,0
1982,29,1,1,1191,44,5,1,6,26,0
1983,35,1,1,936,11,2,2,3,15,0
1984,32,0,0,1193,42,5,1,5,41,0
1985,61,0,2,447,47,4,0,9,14,0
1986,33,1,1,1804,5,4,0,3,23,0
1987,44,0,0,1343,25,1,2,1,8,0
1988,25,1,1,266,49,7,2,5,36,0
1989,63,0,1,772,37,4,0,1,20,0
1990,42,1,0,1550,34,1,0,8,6,0
1991,34,0,0,902,9,6,0,7,33,0
1992,46,1,1,669,6,8,0,2,28,1
1993,25,1,2,692,18,8,2,9,38,0
1994,32,0,0,1924,14,0,0,5,30,0
1995,44,0,0,862,19,6,2,7,46,0
1996,63,1,0,485,14,8,0,4,43,1
1997,67,0,2,1831,40,5,0,1,17,0
1998,69,1,2,511,17,0,1,8,9,0
1999,24,0,1,508,35,1,1,1,28,0
2000,20,0,0,974,29,3,0,3,7,0
2001,46,1,2,1320,42,3,2,6,46,0
2002,61,0,2,1164,17,1,0,8,28,0
2003,41,0,0,1336,59,7,1,8,17,0
2004,20,1,0,1860,43,1,0,2,40,0
2005,37,0,1,655,8,2,1,9,48,0
2006,63,1,1,1686,1,3,0,4,44,0
2007,32,1,0,331,45,8,0,4,44,1
2008,42,1,2,1129,53,9,2,2,5,1
2009,47,1,0,1164,36,0,1,1,5,0
2010,31,1,2,1128,7,7,1,10,14,0
2011,24,0,2,320,46,4,1,7,6,0
2012,34,1,2,1420,5,6,2,10,7,0
2013,61,1,1,1705,24,7,0,3,17,1
2014,37,0,2,833,28,4,2,4,9,0
2015,53,0,0,1096,43,7,0,9,31,0
2016,26,0,2,971,17,9,2,6,22,0
2017,55,1,0,1262,37,7,2,1,45,1
2018,65,1,0,765,20,8,1,9,9,0
2019,39,1,0,711,3,1,2,9,16,0
2020,19,0,0,1697,37,2,0,5,36,0
2021,41,1,2,1384,26,0,2,8,34,0
2022,25,0,0,488,15,3,2,7,45,0
2023,28,1,2,399,51,4,0,8,13,0
2024,30,0,2,727,48,0,1,9,19,0
2025,34,1,0,1116,8,7,0,2,12,1
2026,25,1,1,1908,13,1,0,10,36,0
2027,38,1,0,1726,48,0,0,5,10,0
2028,35,0,0,1471,3,1,2,8,16,0
2029,47,0,2,1606,1,4,2,3,28,0
2030,35,1,0,1441,9,8,0,6,19,0
2031,63,1,0,1310,31,8,0,6,40,0
2032,64,1,2,1305,41,1,1,7,6,0
2033,48,0,2,1285,54,1,2,3,4,0
2034,55,1,0,998,26,2,2,8,30,0
2035,49,1,1,1723,17,6,2,8,39,0
2036,28,1,2,1265,56,2,2,9,31,0
2037,62,1,1,211,34,0,0,8,46,0
2038,42,0,0,1032,9,5,0,3,27,0
2039,50,0,2,1969,56,2,1,6,45,0
2040,55,1,1,1040,51,0,2,9,21,0
2041,58,1,2,842,13,3,2,1,37,0
2042,25,0,2,1338,5,0,0,3,9,0
2043,28,0,0,1441,41,0,1,2,35,0
2044,39,1,0,1872,13,1,0,8,42,0
2045,68,0,0,305,1,9,2,6,47,0
2046,41,0,0,890,25,7,2,10,21,0
2047,58,1,1,727,47,1,1,8,17,0
2048,34,0,0,1695,4,1,0,2,24,0
2049,29,0,1,1977,36,9,2,6,31,0
2050,63,1,1,1045,52,9,2,7,6,0
2051,49,1,0,1092,10,7,1,8,35,0
2052,32,0,0,586,28,5,2,9,37,0
2053,33,1,1,1449,57,3,2,5,13,0
2054,39,0,1,680,6,2,0,3,25,0
2055,45,1,0,1977,27,0,1,2,32,0
2056,37,0,0,607,56,2,1,8,1,0
2057,50,1,2,1680,12,8,1,1,49,1
2058,27,0,2,1876,52,4,0,10,35,0
2059,57,0,0,1097,48,5,1,6,19,0
2060,49,0,2,910,3,4,2,2,12,0
2061,67,1,0,1847,46,0,1,3,40,0
2062,50,1,0,838,33,9,2,8,40,0
2063,19,0,0,1244,10,0,1,1,47,0
2064,50,0,0,1882,31,3,1,6,43,0
2065,50,1,0,1824,15,2,0,3,20,0
2066,58,1,0,1014,7,7,1,6,33,0
2067,30,1,0,1117,36,6,1,3,29,1
2068,47,1,0,402,14,6,0,8,16,0
2069,50,1,0,616,56,7,2,5,14,0
2070,30,1,1,615,48,9,1,4,7,1
2071,69,0,0,1671,14,6,1,9,6,0
2072,43,1,0,1735,3,9,2,5,21,0
2073,39,0,2,284,49,1,0,4,36,0
2074,56,1,1,366,53,3,1,8,22,0
2075,19,1,0,583,46,5,0,8,40,0
2076,55,0,2,667,50,2,2,8,19,0
2077,56,0,2,1295,3,2,2,4,25,0
2078,43,1,2,1009,22,5,0,1,3,0
2079,63,0,0,1196,19,0,2,2,36,0
2080,67,0,2,1744,35,0,2,4,45,0
2081,32,0,0,672,12,4,1,10,34,0
2082,51,0,2,1192,54,0,0,2,11,0
2083,59,1,2,1481,5,9,1,10,48,0
2084,61,0,0,474,10,7,0,3,42,1
2085,66,1,1,1973,41,1,1,9,47,0
2086,57,1,0,1243,33,5,2,9,27,0
2087,28,1,1,1713,13,9,0,9,42,0
2088,20,1,0,1968,35,9,0,7,2,0
2089,23,0,0,689,51,4,0,4,6,0
2090,26,0,0,1956,32,9,0,1,46,1
2091,23,1,1,525,11,3,2,3,2,0
2092,26,1,0,728,48,0,2,8,42,0
2093,56,1,0,1091,38,2,2,4,17,0
2094,48,1,0,288,24,3,1,10,40,0
2095,49,0,2,685,35,1,2,10,48,0
2096,58,1,2,907,19,1,1,2,14,0
2097,67,0,0,549,6,1,1,8,10,0
2098,29,1,0,1307,40,0,2,7,45,0
2099,25,1,0,586,54,9,2,10,33,0
2100,25,1,0,286,45,1,2,9,42,0
2101,67,1,0,506,44,5,1,2,12,0
2102,45,0,2,1377,42,2,0,5,32,0
2103,37,0,0,639,35,9,2,6,49,0
2104,64,0,0,939,4,4,1,2,24,0
2105,24,1,0,463,33,0,1,2,14,0
2106,28,1,1,1176,13,7,2,10,5,0
2107,37,0,1,934,56,3,1,4,5,0
2108,33,0,1,620,36,8,2,8,47,0
2109,21,1,0,692,54,3,1,5,32,0
2110,23,1,0,832,43,1,0,9,45,0
2111,39,0,0,1192,19,2,1,4,49,0
2112,43,1,0,610,43,4,2,3,33,0
2113,20,1,2,372,12,9,0,10,46,0
2114,58,0,2,203,11,5,2,8,4,0
2115,59,1,1,1053,6,6,1,1,30,1
2116,31,0,1,1863,12,3,0,9,41,0
2117,28,1,0,1185,27,6,0,4,17,1
2118,35,0,2,1695,41,9,1,9,3,0
2119,29,1,0,1333,25,2,0,8,13,0
2120,40,0,0,1260,42,6,0,3,44,1
2121,29,0,2,782,3,3,0,3,48,0
2122,30,0,0,1254,3,7,2,9,36,0
2123,42,0,0,580,20,8,2,3,18,1
2124,62,1,0,1491,28,6,0,4,23,1
2125,68,1,2,1234,23,7,1,9,35,0
2126,36,0,2,543,48,7,1,4,49,1
2127,63,1,0,1767,3,1,2,3,33,0
2128,53,1,1,1792,42,8,1,7,36,0
2129,62,1,0,365,24,5,0,6,17,0
2130,25,1,0,899,43,3,1,1,39,0
2131,46,1,2,541,40,4,2,10,34,0
2132,49,0,2,1705,6,9,2,8,12,0
2133,68,0,1,1242,20,4,0,1,5,0
2134,61,0,0,1851,11,6,2,4,48,1
2135,35,0,2,1179,32,8,2,6,40,0
2136,23,1,2,1407,27,6,2,6,27,0
2137,35,1,1,744,21,8,1,7,40,0
2138,36,0,0,1233,44,3,2,5,13,0
2139,39,1,2,1815,48,9,1,5,26,0
2140,54,1,2,391,50,9,2,4,14,1
2141,49,0,0,519,13,3,2,6,32,0
2142,58,1,0,1925,22,5,1,7,11,0
2143,20,0,0,779,35,7,1,10,38,0
2144,45,0,2,674,47,8,0,10,16,0
2145,27,1,1,836,22,0,0,1,22,0
2146,68,1,2,626,28,0,1,9,47,0
2147,52,0,2,1282,21,7,2,8,16,0
2148,46,0,2,1659,46,6,0,7,13,0
2149,32,1,0,296,18,8,1,9,12,0
2150,50,0,0,695,31,2,1,3,18,0
2151,24,0,0,860,46,9,2,10,29,0
2152,29,0,0,1501,37,4,1,4,18,0
2153,66,1,0,1488,21,2,0,7,46,0
2154,47,0,2,208,14,4,2,6,2,0
2155,38,1,0,656,25,9,1,2,2,1
2156,48,0,0,472,27,0,1,2,3,0
2157,41,1,0,1139,40,3,2,10,29,0
2158,37,0,0,1231,23,5,2,7,8,0
2159,54,1,1,407,31,1,2,9,11,0
2160,21,1,1,1860,47,6,0,9,12,0
2161,45,1,2,1346,29,7,0,7,32,0
2162,61,0,0,1256,47,0,1,8,4,0
2163,37,0,2,1736,30,3,1,10,9,0
2164,41,0,1,403,51,3,2,3,24,0
2165,67,1,2,717,26,4,1,1,49,0
2166,66,0,0,716,20,3,1,7,16,0
2167,68,1,2,642,38,8,2,8,17,0
2168,49,0,1,1815,19,6,0,2,47,1
2169,58,1,2,888,27,1,0,9,22,0
2170,53,1,2,1049,25,0,0,4,7,0
2171,51,1,0,1032,40,8,1,10,10,0
2172,53,0,2,538,38,0,2,9,29,0
2173,19,0,0,1661,52,5,0,3,36,0
2174,32,0,2,1668,23,1,1,8,24,0
2175,51,1,0,1359,29,3,2,2,46,0
2176,53,1,0,586,15,5,0,3,14,0
2177,23,0,0,1248,59,4,0,1,14,0
2178,56,0,2,705,3,5,2,5,25,0
2179,59,0,0,1548,10,2,1,4,46,0
2180,68,1,2,1918,15,4,1,1,22,0
2181,68,1,2,879,56,1,0,10,47,0
2182,29,1,0,1561,16,6,2,9,23,0
2183,20,1,0,889,17,2,1,6,32,0
2184,62,1,0,1084,19,0,2,6,26,0
2185,35,0,1,1318,11,7,2,2,27,1
2186,57,1,2,1768,48,7,0,7,45,0
2187,38,1,0,822,5,2,2,9,12,0
2188,32,1,0,1369,5,6,2,6,19,0
2189,50,1,2,1092,58,8,2,8,19,0
2190,52,1,1,1152,14,7,1,5,34,0
2191,43,0,1,1454,50,2,0,2,32,0
2192,25,1,2,983,26,1,0,4,29,0
2193,53,1,0,694,8,9,2,1,21,1
2194,65,1,0,1261,5,6,2,1,35,1
2195,47,0,0,1648,7,6,1,6,42,0
2196,40,0,0,1870,16,8,0,2,5,1
2197,59,0,0,946,55,4,1,6,12,0
2198,61,1,0,636,14,3,0,1,7,0
2199,31,0,0,1591,37,7,1,10,41,0
2200,31,1,1,544,56,3,2,3,2,0
2201,19,1,2,1383,41,3,1,9,25,0
2202,54,0,1,749,4,1,2,2,10,0
2203,22,1,2,1885,36,0,0,8,38,0
2204,55,1,0,1019,48,3,0,6,44,0
2205,62,1,2,740,56,6,2,6,6,0
2206,58,0,0,343,17,8,0,7,27,0
2207,64,1,2,787,47,8,1,5,35,0
2208,31,1,0,856,36,9,2,4,10,1
2209,56,0,1,1964,6,0,0,6,9,0
2210,42,1,0,1799,16,4,1,8,20,0
2211,37,1,0,544,29,6,1,4,37,1
2212,19,0,1,1492,36,6,0,5,35,0
2213,56,1,0,895,38,9,0,7,37,0
2214,23,1,2,1996,37,5,1,6,40,0
2215,34,1,2,467,48,9,2,4,8,1
2216,42,1,1,368,57,3,0,4,46,0
2217,45,1,1,1994,48,2,0,10,31,0
2218,19,0,1,1962,10,8,2,4,49,1
2219,52,0,0,232,41,9,2,1,43,1
2220,54,0,1,576,36,3,0,5,16,0
2221,22,0,2,1437,29,7,2,8,28,0
2222,18,1,2,1785,14,0,1,7,6,0
2223,57,1,0,1663,4,6,1,5,32,0
2224,29,1,2,1715,44,5,1,3,28,0
2225,53,1,1,592,56,0,0,1,11,0
2226,62,1,1,688,42,3,2,7,42,0
2227,40,0,0,921,36,4,1,3,23,0
2228,64,0,0,1145,50,7,2,4,30,1
2229,48,1,0,1252,45,3,1,5,9,0
2230,28,1,1,238,13,2,2,8,28,0
2231,27,1,2,1835,46,1,1,7,24,0
2232,20,0,0,1396,18,3,1,9,28,0
2233,31,1,0,1240,33,9,1,3,24,1
2234,33,1,0,1279,21,3,1,10,15,0
2235,27,1,0,425,16,9,1,1,39,1
2236,46,0,1,1781,15,4,1,1,33,0
2237,27,1,2,266,54,6,1,10,47,0
2238,29,0,0,1420,57,8,1,1,34,1
2239,47,0,2,1877,5,1,1,2,22,0
2240,58,0,0,1034,6,4,2,2,29,0
2241,18,0,1,1246,38,9,2,7,34,0
2242,22,0,0,1198,3,8,0,9,42,0
2243,37,0,0,1829,48,2,1,8,47,0
2244,25,1,0,1977,12,0,2,4,10,0
2245,60,1,2,436,36,1,2,2,45,0
2246,29,1,2,1156,33,5,2,3,30,0
2247,18,0,2,1118,36,4,2,10,11,0
2248,37,1,0,1789,33,0,2,5,34,0
2249,45,0,0,1361,31,0,2,9,21,0
2250,60,0,0,672,21,3,0,8,13,0
2251,54,0,2,752,27,3,2,3,25,0
2252,64,1,0,1833,27,5,0,9,21,0
2253,54,0,2,894,8,5,0,10,1,0
2254,29,0,1,1863,56,9,1,3,5,1
2255,54,1,1,1452,37,5,1,10,22,0
2256,66,1,0,516,32,0,1,8,7,0
2257,66,0,0,797,26,9,2,1,13,1
2258,61,0,0,967,2,8,1,4,45,1
2259,45,1,2,1944,12,6,2,4,23,1
2260,64,1,1,1950,22,6,2,6,21,0
2261,32,1,0,1085,17,6,1,2,6,1
2262,23,0,0,1835,7,1,1,7,20,0
2263,61,1,1,760,43,1,0,5,12,0
2264,37,1,1,1424,4,5,0,10,40,0
2265,67,1,0,457,37,6,2,6,9,0
2266,31,0,2,1703,38,2,2,6,28,0
2267,19,1,0,1401,32,3,1,6,11,0
2268,26,1,0,956,11,2,1,10,32,0
2269,54,1,1,322,1,6,0,8,11,0
2270,37,1,1,541,25,6,1,10,24,0
2271,43,1,2,1394,42,3,2,4,15,0
2272,46,0,0,1871,52,6,1,10,41,0
2273,18,0,1,1282,24,4,0,8,35,0
2274,52,0,0,1928,53,0,2,9,17,0
2275,23,1,0,1688,43,9,0,4,25,1
2276,54,0,2,459,56,3,0,1,49,0
2277,22,0,0,1596,17,6,2,3,35,1
2278,50,0,2,294,8,1,0,1,19,0
2279,66,1,2,1348,59,1,1,7,41,0
2280,68,1,0,240,45,0,1,1,31,0
2281,31,0,0,453,27,1,0,4,17,0
2282,29,0,0,206,52,9,1,1,23,1
2283,59,1,0,1694,18,7,0,2,47,1
2284,37,1,2,927,27,7,1,1,1,1
2285,67,0,1,1734,22,7,0,5,10,0
2286,41,1,0,1804,16,0,1,7,8,0
2287,60,0,0,268,2,0,2,3,42,0
2288,51,1,2,1304,5,9,2,8,26,0
2289,42,0,1,741,18,3,1,5,34,0
2290,67,0,0,1808,3,5,0,5,19,0
2291,46,1,0,1485,27,7,1,5,14,0
2292,56,0,2,288,54,1,0,8,8,0
2293,48,0,0,1431,17,2,1,2,1,0
2294,64,0,0,412,16,5,1,2,48,0
2295,60,1,2,1033,6,9,2,8,25,0
2296,67,1,2,465,51,3,0,9,24,0
2297,40,1,2,1111,7,1,0,10,47,0
2298,61,0,2,492,50,6,0,10,20,0
2299,55,1,2,1430,14,3,0,2,30,0
2300,37,0,0,532,38,7,0,4,5,1
2301,40,0,0,1300,40,7,2,8,3,0
2302,62,1,0,1511,15,6,1,2,32,1
2303,69,1,0,1204,47,9,0,4,17,1
2304,33,0,2,246,47,8,0,10,42,0
2305,67,0,1,821,48,3,1,1,5,0
2306,59,1,1,1423,33,6,2,2,11,1
2307,25,1,2,626,43,9,2,7,38,0
2308,67,1,0,409,27,9,2,1,4,1
2309,38,0,0,1087,29,0,1,1,39,0
2310,18,0,1,1643,57,3,1,2,19,0
2311,25,0,2,353,37,1,2,4,39,0
2312,46,0,2,1745,5,8,2,7,46,0
2313,49,0,2,614,29,4,1,4,49,0
2314,55,1,2,1576,32,2,2,5,23,0
2315,22,1,1,1380,53,3,0,4,17,0
2316,64,0,0,1484,6,5,1,4,13,0
2317,39,0,2,1300,2,9,2,9,27,0
2318,64,1,1,968,6,0,0,6,1,0
2319,51,1,0,1182,46,6,1,3,2,1
2320,18,1,2,1711,43,7,1,6,18,0
2321,43,1,0,1354,4,6,0,7,36,0
2322,60,0,1,778,56,6,1,7,45,0
2323,27,1,0,1678,29,8,2,8,33,0
2324,47,0,2,939,59,3,1,4,36,0
2325,67,1,0,362,25,6,2,1,2,1
2326,35,1,2,1238,9,8,0,6,4,0
2327,34,1,0,1455,56,4,0,8,16,0
2328,43,0,0,394,3,1,1,5,4,0
2329,25,0,0,741,26,4,0,3,9,0
2330,64,1,1,558,48,3,0,4,49,0
2331,57,0,0,1049,43,7,1,8,21,0
2332,66,0,0,1554,27,4,2,6,23,0
2333,29,1,2,626,36,8,1,5,2,0
2334,44,1,2,696,32,8,1,9,3,0
2335,25,0,1,1027,1,2,2,10,23,0
2336,42,0,0,685,57,9,2,3,26,1
2337,63,0,2,1672,53,5,2,7,47,0
2338,21,1,0,1636,54,5,1,9,7,0
2339,50,1,0,529,16,3,2,4,36,0
2340,18,0,2,1955,51,9,0,10,44,0
2341,36,1,2,1088,48,2,2,10,33,0
2342,48,1,2,1190,11,0,0,3,49,0
2343,33,0,0,1370,26,6,2,1,36,1
2344,31,0,0,458,40,4,0,9,4,0
2345,65,1,0,491,55,9,0,1,23,1
2346,22,1,1,342,1,6,0,2,25,1
2347,58,0,0,946,26,0,0,9,41,0
2348,43,1,0,826,28,7,0,5,26,0
2349,45,1,0,1588,53,2,2,4,28,0
2350,19,0,2,289,58,6,1,9,28,0
2351,67,0,0,919,9,2,1,9,21,0
2352,23,1,1,1387,59,2,1,2,10,0
2353,26,1,0,680,44,9,1,3,27,1
2354,50,1,1,283,22,8,1,3,15,1
2355,58,0,0,1300,8,1,0,5,17,0
2356,42,1,2,872,58,3,2,3,39,0
2357,65,1,1,716,49,5,0,10,35,0
2358,30,0,0,684,42,2,2,6,5,0
2359,26,0,1,1813,27,9,2,2,16,1
2360,30,1,0,1826,39,9,2,6,23,0
2361,48,0,1,1822,19,6,2,6,39,0
2362,58,0,2,981,25,6,1,2,48,1
2363,28,1,0,303,38,4,2,6,9,0
2364,21,0,0,1675,21,2,2,6,33,0
2365,51,0,0,1710,24,1,1,6,35,0
2366,55,1,0,538,24,3,0,5,40,0
2367,63,0,0,886,19,3,0,7,24,0
2368,21,1,0,1789,50,7,0,5,24,0
2369,55,1,0,1099,47,7,0,1,24,1
2370,36,0,2,1701,2,4,2,9,19,0
2371,23,0,0,1946,14,5,1,3,39,0
2372,51,0,0,806,53,7,1,2,25,1
2373,35,1,2,422,32,0,0,10,31,0
2374,30,0,0,1232,42,4,1,6,38,0
2375,58,1,0,1276,32,3,2,8,25,0
2376,40,0,0,1300,28,3,0,2,27,0
2377,36,0,1,1941,48,1,2,4,32,0
2378,62,0,1,702,39,9,2,2,11,1
2379,28,1,0,1539,40,0,2,9,5,0
2380,18,0,2,1021,42,5,2,10,44,0
2381,41,0,2,823,47,6,2,2,33,1
2382,24,1,2,364,40,4,0,10,19,0
2383,42,1,2,1502,13,7,2,2,43,1
2384,38,0,2,1250,12,8,0,5,47,0
2385,32,0,0,1293,8,1,1,5,16,0
2386,18,0,0,1441,15,3,2,7,35,0
2387,29,1,0,1588,26,8,2,1,11,1
2388,24,1,1,1924,12,4,1,2,11,0
2389,32,1,2,1529,43,2,0,6,10,0
2390,38,1,1,1347,51,5,2,2,34,0
2391,36,0,1,218,46,2,1,4,5,0
2392,46,1,0,1480,27,4,1,10,23,0
2393,42,1,2,1519,18,2,2,6,25,0
2394,50,1,2,1245,45,5,0,7,29,0
2395,66,0,1,1188,36,9,0,10,40,0
2396,49,0,1,649,49,4,2,5,13,0
2397,66,1,2,751,51,8,1,8,47,0
2398,52,1,0,1773,27,2,2,6,32,0
2399,61,0,2,1271,9,5,0,5,34,0
2400,55,0,0,894,55,7,1,4,12,1
2401,43,0,2,786,39,6,2,6,24,0
2402,28,0,1,920,1,5,1,6,40,0
2403,52,0,0,1406,7,1,0,6,21,0
2404,25,0,2,1658,26,6,0,1,29,1
2405,63,0,0,306,7,7,0,6,23,0
2406,31,0,0,1411,52,0,2,1,33,0
2407,27,1,0,975,7,8,1,5,8,0
2408,19,1,2,1309,8,3,2,7,42,0
2409,63,1,1,1679,16,7,2,1,13,1
2410,26,1,1,1360,3,9,2,1,5,1
2411,20,1,0,1097,45,6,2,6,41,0
2412,38,1,1,535,10,9,1,7,10,0
2413,43,0,2,806,50,6,1,6,14,0
2414,25,0,0,1037,7,1,2,5,24,0
2415,65,1,0,1980,21,0,2,6,11,0
2416,19,1,0,1692,53,3,0,3,46,0
2417,23,0,1,801,37,1,0,9,3,0
2418,45,0,2,1794,31,7,1,5,29,0
2419,46,0,2,602,23,9,0,2,48,1
2420,43,1,0,739,57,6,1,10,30,0
2421,42,0,2,1295,27,7,1,10,49,0
2422,29,1,0,223,56,5,1,7,37,0
2423,22,1,0,823,22,0,0,3,7,0
2424,51,0,2,1708,39,8,0,1,17,1
2425,65,0,0,1279,57,5,1,3,20,0
2426,54,1,1,1185,27,9,1,9,11,0
2427,32,0,0,422,54,0,2,5,44,0
2428,61,0,2,1855,49,0,1,7,25,0
2429,53,1,0,378,4,7,1,3,24,1
2430,32,0,2,999,24,5,2,4,2,0
2431,60,1,0,633,23,7,1,1,27,1
2432,65,1,0,1673,48,7,1,3,19,1
2433,40,0,1,992,19,7,1,7,29,0
2434,23,1,0,1083,42,9,2,4,37,1
2435,63,1,1,691,3,6,0,2,11,1
2436,67,0,1,1412,27,6,1,5,19,0
2437,61,0,0,1801,3,9,2,5,28,0
2438,60,0,0,1009,28,3,1,2,39,0
2439,62,1,2,1160,17,8,2,6,21,0
2440,38,1,1,619,31,1,1,10,26,0
2441,40,0,1,1472,10,8,2,4,22,1
2442,60,1,2,1811,49,9,0,1,6,1
2443,33,0,2,848,22,2,0,3,11,0
2444,64,0,0,1387,30,1,0,9,14,0
2445,32,1,1,1968,49,3,1,10,36,0
2446,42,0,1,1478,21,4,2,7,40,0
2447,53,1,0,675,36,1,1,6,41,0
2448,28,1,0,1640,53,0,1,1,2,0
2449,68,0,0,369,23,9,2,9,43,0
2450,32,1,0,1540,38,4,1,9,20,0
2451,21,0,1,373,12,8,2,1,22,1
2452,38,1,0,669,25,4,2,6,39,0
2453,30,1,0,544,54,9,0,7,4,0
2454,39,1,0,644,57,8,0,2,29,1
2455,36,0,1,1241,20,9,0,10,46,0
2456,51,1,2,1293,49,5,2,8,24,0
2457,31,0,0,1561,49,2,0,8,1,0
2458,21,1,0,827,42,3,2,6,24,0
2459,65,1,1,791,7,3,1,9,30,0
2460,69,0,1,726,29,0,0,3,12,0
2461,63,0,0,1911,48,2,2,2,19,0
2462,44,0,0,655,29,2,2,2,37,0
2463,46,0,0,1492,13,0,2,6,40,0
2464,64,0,0,1854,3,8,2,7,43,0
2465,45,1,2,1010,2,0,0,6,4,0
2466,52,1,1,387,16,8,0,3,15,1
2467,25,0,0,1220,30,0,0,5,20,0
2468,33,1,1,1792,38,1,2,8,44,0
2469,59,1,0,910,6,1,1,6,20,0
2470,53,1,2,728,45,5,2,2,21,0
2471,47,0,2,633,7,6,1,7,10,0
2472,35,1,0,487,5,0,0,8,30,0
2473,19,1,0,1790,56,2,2,4,24,0
2474,66,1,2,698,7,1,2,1,48,0
2475,30,0,0,1664,34,7,0,2,40,1
2476,21,1,0,502,32,8,2,4,40,1
2477,43,1,2,286,49,1,1,7,38,0
2478,42,0,1,1029,13,1,1,2,3,0
2479,47,0,0,637,30,9,1,6,29,0
2480,28,1,1,740,25,8,2,2,8,1
2481,24,1,0,1245,21,3,2,7,29,0
2482,48,0,2,1032,59,4,1,2,10,0
2483,61,0,2,996,21,8,2,3,5,1
2484,27,0,1,759,28,5,1,9,11,0
2485,56,0,0,1740,48,9,0,4,4,1
2486,30,0,2,961,58,8,1,5,49,0
2487,48,0,2,1898,20,8,0,9,35,0
2488,24,0,0,1726,34,6,0,7,40,0
2489,66,1,0,1937,5,9,0,8,12,0
2490,59,0,0,666,18,8,1,3,21,1
2491,59,0,0,1324,39,4,1,4,16,0
2492,53,1,1,1806,43,4,2,7,14,0
2493,37,0,0,874,57,7,2,4,21,1
2494,21,0,0,884,57,9,0,2,48,1
2495,24,1,2,1364,11,3,1,10,27,0
2496,18,0,0,337,54,8,2,6,36,0
2497,61,1,2,777,17,6,2,9,1,0
2498,62,1,0,909,48,6,2,2,1,1
2499,59,1,1,427,45,2,1,1,22,0
2500,64,1,1,480,22,3,2,8,15,0
2501,30,0,1,883,37,6,0,1,20,1
2502,39,1,0,1027,20,4,1,1,3,0
2503,38,1,2,630,48,2,2,3,14,0
2504,39,0,0,1263,54,0,2,5,9,0
2505,45,1,0,1742,54,6,1,9,19,0
2506,26,1,0,1909,48,5,2,10,40,0
2507,43,1,2,1886,48,9,2,2,34,1
2508,26,1,0,1434,46,6,0,1,4,1
2509,32,0,2,501,6,1,1,1,33,0
2510,27,1,0,1309,34,3,2,8,43,0
2511,41,0,0,1620,14,1,1,10,37,0
2512,59,0,2,1476,48,7,1,10,2,0
2513,25,1,0,732,23,6,0,10,27,0
2514,41,1,2,968,20,0,0,2,45,0
2515,33,1,0,1604,13,1,1,9,17,0
2516,66,1,1,643,47,1,0,9,49,0
2517,43,0,2,1256,44,3,0,2,31,0
2518,44,0,0,459,41,2,2,3,41,0
2519,54,0,0,1457,32,0,0,2,6,0
2520,21,1,2,1738,26,1,0,6,31,0
2521,67,0,1,1531,50,8,2,7,3,0
2522,41,1,0,938,53,0,2,6,40,0
2523,36,1,0,995,14,8,1,3,3,1
2524,53,1,1,269,52,6,0,3,33,1
2525,56,1,2,1677,57,1,2,2,13,0
2526,27,1,0,1662,36,1,0,2,21,0
2527,42,0,0,1587,8,4,1,5,37,0
2528,35,0,0,1182,40,4,0,8,16,0
2529,36,1,2,1989,22,3,0,6,21,0
2530,53,0,0,680,22,9,0,9,48,0
2531,27,1,1,1367,16,9,2,5,44,0
2532,50,1,0,223,27,2,2,10,13,0
2533,67,1,0,1164,56,3,1,4,4,0
2534,22,0,2,1648,10,9,0,9,31,0
2535,64,1,1,945,25,3,1,10,9,0
2536,66,1,1,1044,31,1,1,5,48,0
2537,52,0,0,1398,21,4,2,1,33,0
2538,61,0,2,524,27,4,0,5,37,0
2539,51,0,2,1894,17,4,0,5,37,0
2540,50,1,0,1571,33,9,1,5,24,0
2541,38,1,0,997,31,0,0,2,25,0
2542,34,0,0,217,50,5,2,6,41,0
2543,39,1,0,243,42,1,1,5,29,0
2544,65,0,1,354,26,6,1,2,40,1
2545,54,0,0,1066,21,3,2,10,47,0
2546,32,1,1,1121,36,4,2,8,36,0
2547,52,1,2,1600,1,4,2,6,15,0
2548,45,0,2,942,4,4,2,10,45,0
2549,24,0,2,1625,4,1,2,3,18,0
2550,49,0,0,424,26,4,2,9,20,0
2551,28,0,0,416,4,2,1,4,5,0
2552,27,1,0,1791,49,3,0,3,18,0
2553,26,0,2,230,9,1,0,7,40,0
2554,31,0,0,1282,30,3,1,8,1,0
2555,30,0,2,1097,51,8,0,7,19,0
2556,42,1,0,1576,45,7,0,1,23,1
2557,19,1,0,1134,4,2,1,1,26,0
2558,52,0,0,644,5,0,0,5,49,0
2559,24,1,1,1458,45,0,0,8,29,0
2560,38,1,2,1330,23,5,1,10,34,0
2561,35,1,0,1414,16,2,0,3,19,0
2562,20,0,2,729,22,3,2,8,48,0
2563,59,0,0,937,37,0,1,3,18,0
2564,56,1,1,1902,8,7,0,4,2,1
2565,58,0,2,1806,48,0,0,10,27,0
2566,66,0,0,1073,33,4,2,7,6,0
2567,28,1,2,765,55,5,1,3,39,0
2568,56,1,0,1468,38,1,1,4,6,0
2569,41,0,1,275,43,6,0,8,6,0
2570,63,1,0,746,16,6,2,4,31,1
2571,36,0,2,466,5,0,2,9,41,0
2572,21,0,0,516,16,3,2,4,40,0
2573,43,1,2,1344,7,3,2,4,30,0
2574,55,0,2,224,51,4,2,5,21,0
2575,59,0,2,1655,1,0,2,1,41,0
2576,49,1,2,359,9,0,1,7,44,0
2577,56,1,1,795,18,6,0,9,18,0
2578,62,1,0,1337,45,8,0,9,23,0
2579,63,0,0,1958,58,0,2,1,38,0
2580,53,1,0,1099,47,1,1,6,23,0
2581,57,1,1,701,3,5,1,3,28,0
2582,54,1,0,1389,24,5,2,4,36,0
2583,50,1,2,1212,28,1,0,8,25,0
2584,53,0,2,902,10,8,2,4,7,1
2585,20,0,0,1398,9,3,1,8,18,0
2586,26,1,0,200,13,6,2,4,20,1
2587,25,0,0,940,48,5,0,9,5,0
2588,50,1,0,1309,35,2,0,6,18,0
2589,23,1,0,1797,54,7,1,1,42,1
2590,58,0,0,519,23,6,2,10,40,0
2591,56,0,1,1624,47,8,2,2,33,1
2592,21,1,1,581,17,2,1,7,15,0
2593,30,1,0,1941,46,0,2,10,35,0
2594,66,0,0,1840,7,1,1,7,47,0
2595,19,1,0,1541,52,0,2,3,46,0
2596,22,0,2,1473,16,4,0,1,1,0
2597,61,1,1,1748,53,9,1,8,21,0
2598,44,1,0,1898,40,1,2,10,8,0
2599,49,0,0,1778,36,2,2,10,7,0
2600,38,0,2,1097,20,7,2,7,41,0
2601,25,0,2,1846,24,9,1,10,44,0
2602,55,0,0,916,47,4,0,8,40,0
2603,25,0,2,1479,5,3,2,1,40,0
2604,67,0,0,506,45,4,1,3,30,0
2605,20,0,0,1367,6,9,2,2,38,1
2606,61,1,2,1881,28,5,0,1,35,0
2607,20,1,1,590,59,6,0,5,2,0
2608,39,1,0,1899,5,8,0,3,46,1
2609,23,0,1,1392,49,0,1,10,8,0
2610,19,0,0,1189,39,3,2,8,38,0
2611,40,0,2,497,38,8,1,6,4,0
2612,61,1,0,432,2,4,2,10,37,0
2613,19,0,1,470,43,7,1,9,21,0
2614,55,0,1,1283,39,0,2,9,13,0
2615,34,1,0,1519,54,3,1,6,9,0
2616,52,0,1,1690,21,8,2,2,45,1
2617,51,1,1,1458,40,0,1,9,29,0
2618,40,1,2,876,37,0,0,2,41,0
2619,47,0,0,905,59,3,1,3,24,0
2620,69,0,1,433,18,2,0,6,16,0
2621,25,0,1,1591,54,6,0,2,12,1
2622,39,1,0,1918,48,2,2,5,2,0
2623,61,1,1,1044,46,0,0,2,19,0
2624,53,1,0,1455,12,9,0,4,30,1
2625,22,0,0,690,17,1,2,3,16,0
2626,30,0,2,1842,37,9,1,5,24,0
2627,46,0,2,702,46,3,1,6,13,0
2628,48,0,2,1089,38,0,0,7,5,0
2629,64,1,0,1958,15,0,1,10,23,0
2630,33,1,1,791,7,7,0,8,38,0
2631,59,1,0,945,14,6,1,9,31,0
2632,47,1,0,1604,50,7,1,4,17,1
2633,33,0,0,1919,1,3,1,4,49,0
2634,29,0,2,627,38,5,0,7,49,0
2635,34,0,1,896,3,2,2,10,3,0
2636,33,1,2,845,37,7,1,10,26,0
2637,29,1,1,931,44,3,1,9,13,0
2638,25,0,0,999,31,2,1,2,44,0
2639,37,0,2,563,43,3,0,6,38,0
2640,20,1,0,401,13,5,2,10,22,0
2641,33,0,0,1081,48,6,0,10,21,0
2642,47,1,0,345,18,6,1,8,29,0
2643,62,1,2,1035,17,3,0,5,45,0
2644,40,1,2,838,17,7,1,5,46,0
2645,45,0,2,1680,11,6,1,8,39,0
2646,68,0,0,334,20,1,0,1,5,0
2647,57,1,0,825,10,7,1,6,14,0
2648,22,0,2,1487,29,8,1,10,18,0
2649,37,1,0,263,48,4,2,9,4,0
2650,57,1,1,690,34,3,0,6,33,0
2651,61,1,2,1870,17,3,0,7,39,0
2652,18,1,0,240,54,3,1,4,20,0
2653,47,0,1,1519,52,5,1,10,13,0
2654,38,1,2,1226,42,3,0,1,36,0
2655,37,1,0,1112,13,6,0,9,45,0
2656,23,0,2,1929,44,6,0,6,4,0
2657,39,1,0,1174,47,4,1,3,35,0
2658,35,1,1,1333,39,4,2,4,8,0
2659,25,0,1,1444,27,9,2,10,40,0
2660,56,0,1,1593,54,7,1,6,49,0
2661,49,0,2,567,53,6,1,6,47,0
2662,50,1,0,1659,26,6,1,9,36,0
2663,33,0,2,1117,28,5,0,4,6,0
2664,29,0,0,1227,13,6,1,5,22,0
2665,55,1,2,443,12,6,0,5,6,0
2666,69,1,2,1101,44,9,2,3,42,1
2667,51,1,0,365,28,1,1,2,36,0
2668,31,1,0,1249,2,9,1,8,9,0
2669,53,1,1,1618,37,1,0,10,16,0
2670,50,0,1,1697,57,9,0,9,39,0
2671,40,0,0,1240,57,6,0,10,46,0
2672,67,0,0,927,34,9,2,9,38,0
2673,62,1,0,1315,23,6,2,5,33,0
2674,19,1,1,682,58,6,1,9,18,0
2675,58,1,0,742,52,4,1,4,12,0
2676,38,0,2,1428,45,0,0,2,27,0
2677,19,0,0,1725,29,1,2,3,47,0
2678,44,1,2,1130,35,8,1,1,1,1
2679,26,0,0,599,11,7,0,5,15,0
2680,18,1,2,1430,48,7,0,1,47,1
2681,28,0,0,818,33,9,2,1,27,1
2682,20,0,2,1369,51,0,2,7,16,0
2683,69,0,0,1078,11,5,1,2,21,0
2684,40,1,2,300,9,8,1,8,1,0
2685,43,0,1,1079,14,7,0,6,29,0
2686,21,0,0,1029,9,2,0,4,3,0
2687,35,1,1,1464,39,3,0,9,12,0
2688,23,0,2,958,48,2,1,10,28,0
2689,52,1,0,362,3,5,2,8,39,0
2690,39,1,0,1396,29,8,1,10,37,0
2691,60,1,0,701,19,7,2,3,31,1
2692,32,1,2,746,36,9,1,3,31,1
2693,39,1,2,1507,32,3,1,4,33,0
2694,54,0,0,1582,7,1,2,9,33,0
2695,69,1,2,580,55,7,1,9,47,0
2696,59,1,1,1069,28,7,1,5,40,0
2697,29,1,1,1104,44,5,0,9,11,0
2698,64,1,2,1756,18,7,2,6,46,0
2699,66,0,1,1386,5,8,2,8,29,0
2700,59,1,2,1201,23,0,0,8,25,0
2701,55,0,0,808,55,8,2,10,13,0
2702,35,1,1,506,22,1,0,7,44,0
2703,62,0,0,1562,26,0,2,4,19,0
2704,52,1,0,254,42,7,2,4,36,1
2705,47,1,0,1182,12,7,2,6,28,0
2706,41,0,1,532,40,3,2,9,4,0
2707,59,1,1,326,19,7,0,7,3,0
2708,47,0,0,904,47,6,0,5,38,0
2709,31,1,0,442,1,1,2,5,37,0
2710,23,0,0,799,3,4,1,8,43,0
2711,20,1,2,1632,27,9,0,6,25,0
2712,33,1,0,702,18,3,2,1,41,0
2713,24,0,2,1950,50,2,0,1,35,0
2714,69,1,0,803,30,0,1,9,29,0
2715,31,1,0,502,2,4,1,8,41,0
2716,26,1,0,1687,5,9,1,6,29,0
2717,32,1,0,434,29,7,2,1,12,1
2718,38,1,1,1919,33,8,2,2,35,1
2719,52,1,0,1261,42,6,1,10,20,0
2720,19,0,0,338,20,0,0,3,17,0
2721,44,0,0,394,30,0,0,10,12,0
2722,19,0,0,1750,42,0,1,3,36,0
2723,52,1,0,1992,5,1,2,2,10,0
2724,35,0,0,846,50,0,0,2,18,0
2725,31,1,2,200,21,3,0,6,30,0
2726,37,1,2,760,58,9,0,7,8,0
2727,35,1,0,1319,15,8,2,4,41,1
2728,27,1,0,912,20,3,1,1,13,0
2729,42,0,1,612,8,3,2,6,31,0
2730,19,1,0,737,49,6,0,7,6,0
2731,42,0,0,628,31,8,1,4,7,1
2732,50,1,0,434,12,6,2,6,21,0
2733,53,0,0,548,21,0,1,9,38,0
2734,48,0,2,1979,30,0,0,4,43,0
2735,31,0,0,1704,27,3,2,10,49,0
2736,18,0,2,595,44,3,1,4,28,0
2737,63,0,0,1574,26,0,2,10,44,0
2738,33,0,0,615,33,5,0,5,21,0
2739,63,1,2,1115,26,9,1,3,21,1
2740,69,0,0,1274,26,1,0,10,24,0
2741,20,1,2,280,36,4,1,2,27,0
2742,52,0,0,235,40,7,0,9,27,0
2743,58,1,2,1290,1,2,0,1,13,0
2744,23,0,0,840,59,8,2,5,29,0
2745,42,0,1,1081,15,6,0,5,39,0
2746,30,1,0,1890,50,8,2,8,28,0
2747,51,0,1,956,1,0,0,6,37,0
2748,25,0,0,822,11,4,0,6,29,0
2749,38,0,2,1903,55,2,0,6,48,0
2750,51,1,0,1704,2,3,1,4,22,0
2751,21,0,1,667,1,3,2,1,36,0
2752,42,1,0,1365,31,6,1,3,30,1
2753,32,0,0,555,44,9,2,10,28,0
2754,21,0,0,908,16,7,0,6,23,0
2755,62,1,0,1694,54,9,1,5,33,0
2756,29,0,0,1844,22,4,2,10,4,0
2757,49,0,1,1219,42,9,0,1,3,1
2758,49,1,1,1814,18,6,2,5,32,0
2759,45,0,0,1101,47,2,2,2,4,0
2760,30,1,1,872,17,2,0,1,1,0
2761,48,1,2,638,30,2,1,4,12,0
2762,31,1,0,730,10,3,0,6,13,0
2763,37,0,2,326,35,5,1,7,34,0
2764,35,1,2,404,58,4,2,9,29,0
2765,46,1,1,228,21,7,2,5,9,0
2766,23,0,0,644,16,4,2,8,31,0
2767,49,1,2,1165,6,4,1,8,7,0
2768,46,0,0,1942,3,9,0,9,13,0
2769,60,0,0,663,41,1,1,3,2,0
2770,19,0,0,1503,43,4,2,3,33,0
2771,40,0,1,350,21,6,2,9,7,0
2772,36,1,1,439,13,1,0,7,18,0
2773,48,1,2,465,18,5,1,4,8,0
2774,68,1,2,1917,58,6,2,1,12,1
2775,22,1,0,1328,54,4,1,7,43,0
2776,36,1,0,1656,24,8,1,10,30,0
2777,51,0,0,1112,27,3,0,6,9,0
2778,27,1,0,696,54,9,0,3,28,1
2779,42,1,2,1663,4,0,2,5,4,0
2780,19,1,2,1971,22,7,0,3,39,1
2781,28,0,0,884,24,7,1,8,17,0
2782,67,0,0,357,40,6,0,5,11,0
2783,48,1,0,371,45,7,1,10,2,0
2784,32,0,0,693,10,1,2,10,23,0
2785,26,1,1,1169,2,2,1,6,22,0
2786,40,1,2,1534,40,8,0,2,26,1
2787,36,0,1,1626,6,0,0,8,12,0
2788,26,0,0,1892,48,7,2,9,32,0
2789,52,1,0,1993,18,7,0,3,9,1
2790,38,1,0,875,17,6,2,6,43,0
2791,26,0,1,858,38,4,2,6,5,0
2792,45,1,2,1102,45,3,0,2,26,0
2793,63,0,0,865,23,9,1,10,7,0
2794,68,1,2,1686,46,9,2,8,29,0
2795,24,0,0,566,30,9,1,5,33,0
2796,33,1,2,749,58,9,0,8,24,0
2797,33,1,1,842,21,5,1,8,25,0
2798,50,0,2,454,10,0,1,3,31,0
2799,21,1,2,407,56,4,1,5,29,0
2800,21,1,0,649,43,3,1,7,5,0
2801,56,0,0,294,13,3,0,5,38,0
2802,57,1,0,1038,12,6,0,6,45,0
2803,34,1,0,677,9,8,1,2,11,1
2804,54,1,2,882,4,7,0,8,32,0
2805,56,0,2,961,39,7,0,5,8,0
2806,69,0,0,389,24,4,2,6,20,0
2807,46,0,1,910,54,5,0,1,34,0
2808,69,1,0,1707,34,1,1,10,47,0
2809,53,1,0,1956,39,2,0,2,42,0
2810,55,1,0,1759,41,4,0,4,8,0
2811,56,1,0,955,5,1,0,9,2,0
2812,67,0,0,1646,15,2,0,6,21,0
2813,54,1,0,1035,50,3,2,8,15,0
2814,69,1,0,1863,4,5,1,2,6,0
2815,52,1,1,1828,51,4,1,10,5,0
2816,24,0,0,332,52,9,0,5,3,0
2817,44,1,0,254,58,3,0,1,43,0
2818,45,1,0,709,39,1,2,4,43,0
2819,39,1,2,869,58,4,0,10,16,0
2820,31,1,0,1764,8,4,2,1,35,0
2821,24,1,1,609,49,6,1,9,9,0
2822,54,0,2,1434,45,0,1,2,35,0
2823,39,1,2,1889,24,3,2,7,19,0
2824,22,1,2,1516,53,4,1,3,43,0
2825,19,1,0,1186,28,7,0,2,46,1
2826,44,1,0,933,55,7,0,4,34,1
2827,38,1,0,1338,43,0,2,7,39,0
2828,55,1,2,1893,27,4,1,7,10,0
2829,32,1,0,458,1,9,1,9,10,0
2830,38,1,0,1986,34,0,2,3,20,0
2831,27,1,1,1345,17,0,2,7,1,0
2832,40,1,0,498,37,1,1,6,6,0
2833,56,0,1,1998,38,1,2,10,46,0
2834,22,0,2,1604,26,8,0,7,2,0
2835,18,0,0,760,57,3,1,7,38,0
2836,30,0,0,1724,24,2,2,10,33,0
2837,38,1,0,496,39,0,2,5,3,0
2838,43,0,2,561,21,1,2,9,36,0
2839,67,0,2,788,30,5,1,7,13,0
2840,62,1,2,1686,47,8,0,7,35,0
2841,38,0,1,1661,51,4,0,3,15,0
2842,35,0,2,326,48,3,1,1,45,0
2843,54,1,0,396,57,4,2,5,22,0
2844,62,1,0,420,13,8,1,8,43,0
2845,49,1,1,1194,37,6,1,5,4,0
2846,53,0,0,290,3,7,2,10,17,0
2847,34,0,0,610,32,3,1,3,5,0
2848,52,1,2,207,35,7,0,9,21,0
2849,66,1,0,743,19,5,1,2,24,0
2850,28,0,1,667,14,4,2,3,31,0
2851,38,1,2,519,48,6,1,4,40,1
2852,69,0,0,1617,22,5,0,10,30,0
2853,43,1,1,468,17,2,1,1,42,0
2854,21,1,0,1414,59,4,1,4,7,0
2855,51,0,0,1898,4,8,1,4,49,1
2856,69,1,0,260,45,6,1,9,7,0
2857,65,1,0,1661,40,3,2,8,27,0
2858,35,1,0,1487,19,6,0,2,24,1
2859,57,0,0,996,37,4,0,7,19,0
2860,52,1,0,1318,2,1,0,6,41,0
2861,58,1,0,752,15,5,1,7,34,0
2862,46,1,2,1125,2,6,0,4,22,1
2863,69,1,1,1693,11,7,2,5,27,0
2864,46,1,0,860,45,5,1,6,6,0
2865,55,1,0,915,23,7,1,9,10,0
2866,59,0,0,978,10,6,0,2,45,1
2867,38,0,0,1737,3,1,1,9,31,0
2868,59,1,2,1913,5,5,1,10,25,0
2869,30,0,2,393,3,8,0,1,2,1
2870,66,0,0,681,38,5,2,4,10,0
2871,58,1,0,1559,13,3,2,5,10,0
2872,34,0,0,1658,42,6,0,9,26,0
2873,26,0,2,1419,19,2,2,6,5,0
2874,58,0,0,1054,40,4,2,4,22,0
2875,18,0,1,1472,50,0,2,2,4,0
2876,19,0,2,697,35,9,1,5,34,0
2877,65,0,0,411,24,2,1,8,7,0
2878,46,0,2,864,24,7,1,8,17,0
2879,50,0,1,869,17,8,2,6,11,0
2880,27,1,2,1689,40,8,1,1,8,1
2881,67,1,0,1874,10,9,2,8,28,0
2882,57,0,0,420,2,1,0,4,44,0
2883,38,0,1,472,44,3,2,2,33,0
2884,45,1,2,1377,23,4,1,1,25,0
2885,28,0,2,1472,6,2,2,7,21,0
2886,51,0,1,478,2,0,1,2,12,0
2887,25,1,1,1663,21,5,1,4,26,0
2888,39,1,1,1015,55,9,0,4,29,1
2889,25,1,0,475,56,1,0,10,38,0
2890,66,0,2,1204,35,8,1,1,35,1
2891,32,0,2,713,49,0,2,2,37,0
2892,34,1,2,1311,29,8,0,1,46,1
2893,40,1,2,1122,7,6,0,6,44,0
2894,41,0,0,841,29,9,1,3,45,1
2895,62,1,2,704,53,1,2,1,45,0
2896,36,0,2,789,37,5,0,8,29,0
2897,22,0,0,971,23,7,0,4,49,1
2898,49,1,0,1464,33,1,2,10,24,0
2899,61,1,0,1876,8,4,0,7,15,0
2900,18,0,0,939,12,5,2,10,6,0
2901,40,1,0,874,46,2,1,2,32,0
2902,54,1,0,1459,48,1,0,6,44,0
2903,25,1,2,1213,10,5,1,6,34,0
2904,30,1,2,327,15,2,2,7,36,0
2905,25,0,2,702,53,1,1,1,20,0
2906,40,0,1,1423,24,0,1,1,12,0
2907,60,0,0,1101,26,7,1,2,35,1
2908,18,0,0,742,47,0,2,2,49,0
2909,62,1,1,1725,42,4,2,5,38,0
2910,68,1,0,1873,53,5,2,1,17,0
2911,41,0,1,691,39,2,2,2,27,0
2912,52,0,1,1244,58,6,2,6,17,0
2913,41,1,2,1457,3,1,0,3,11,0
2914,34,0,1,913,2,6,0,4,39,1
2915,22,0,0,990,6,1,0,1,2,0
2916,37,1,0,1866,21,4,1,5,2,0
2917,38,0,2,615,9,6,1,4,29,1
2918,57,1,0,347,10,2,2,8,45,0
2919,48,1,1,1169,36,3,2,3,24,0
2920,63,0,0,228,59,0,0,10,24,0
2921,53,1,2,1584,3,2,2,1,16,0
2922,28,0,2,507,41,8,1,10,31,0
2923,69,1,2,361,24,9,2,5,49,0
2924,32,0,0,1068,22,4,0,1,43,0
2925,36,0,0,1051,49,7,2,5,9,0
2926,24,0,1,260,14,1,1,9,27,0
2927,68,1,0,324,42,2,0,5,41,0
2928,45,1,1,1679,45,6,2,2,14,1
2929,68,0,2,1294,44,9,1,2,45,1
2930,60,1,2,1037,27,3,0,10,25,0
2931,22,0,2,665,33,8,0,9,43,0
2932,22,0,0,442,22,6,1,5,44,0
2933,47,1,2,1713,29,0,2,8,22,0
2934,49,0,1,1984,19,3,2,10,35,0
2935,25,1,0,1444,19,9,2,4,33,1
2936,27,0,1,672,6,5,0,2,27,0
2937,55,1,0,1158,45,5,0,4,40,0
2938,64,0,0,732,19,9,2,4,26,1
2939,49,0,0,693,13,5,0,9,19,0
2940,65,1,1,1098,59,4,0,10,45,0
2941,45,0,0,281,26,2,1,6,39,0
2942,34,0,1,1055,22,1,2,10,45,0
2943,48,1,1,1078,21,2,2,6,26,0
2944,25,0,0,1745,36,8,2,5,6,0
2945,57,1,0,1122,56,2,0,6,3,0
2946,42,0,2,211,2,2,0,1,6,0
2947,26,1,0,1486,47,0,0,5,28,0
2948,19,0,2,1880,44,1,2,6,3,0
2949,32,0,0,648,30,2,0,8,13,0
2950,67,0,0,1415,27,1,2,4,13,0
2951,20,1,2,961,7,7,0,5,13,0
2952,66,1,0,1337,20,5,2,4,1,0
2953,53,1,0,225,50,6,1,7,40,0
2954,21,1,0,1722,31,0,0,10,37,0
2955,31,0,0,707,23,5,2,6,31,0
2956,58,0,2,1768,13,1,1,4,17,0
2957,58,1,1,261,17,5,1,6,9,0
2958,42,1,0,428,4,2,0,4,45,0
2959,67,1,2,806,57,6,2,8,13,0
2960,27,0,2,1258,14,2,0,3,37,0
2961,38,1,0,1928,20,8,1,8,14,0
2962,53,1,0,1679,13,2,0,2,11,0
2963,29,0,1,1811,3,6,2,6,25,0
2964,44,0,2,1090,26,3,1,8,31,0
2965,57,1,2,1725,26,7,0,1,14,1
2966,19,0,2,960,18,1,0,6,7,0
2967,30,1,0,794,32,7,0,9,24,0
2968,49,0,2,1248,14,8,0,10,49,0
2969,48,1,2,1792,47,7,0,10,36,0
2970,33,1,2,1255,3,5,1,2,42,0
2971,49,1,0,1235,1,9,1,1,42,1
2972,49,1,0,1542,26,0,2,2,47,0
2973,51,0,0,1827,24,6,0,5,44,0
2974,28,0,1,200,49,0,2,6,41,0
2975,27,0,0,1658,35,6,1,1,3,1
2976,32,0,0,1359,14,1,0,7,47,0
2977,34,1,0,1419,3,7,2,4,44,1
2978,57,1,0,332,13,1,0,9,26,0
2979,35,0,2,285,47,2,0,6,47,0
2980,26,0,2,1699,50,2,2,9,26,0
2981,42,0,2,1547,14,0,1,1,1,0
2982,57,0,0,1403,21,4,2,4,15,0
2983,31,0,2,715,26,4,2,2,11,0
2984,42,1,0,1861,3,9,2,6,37,0
2985,67,1,0,374,51,4,0,4,7,0
2986,39,1,0,962,40,8,1,9,12,0
2987,69,0,0,1244,4,5,1,3,38,0
2988,47,0,0,1196,36,5,0,1,3,0
2989,37,0,2,1328,51,2,1,1,42,0
2990,38,0,2,777,43,4,2,9,26,0
2991,61,1,1,1666,1,9,1,9,30,0
2992,49,1,0,1998,40,6,0,5,32,0
2993,68,0,0,248,47,2,1,2,36,0
2994,63,1,0,727,33,1,0,9,45,0
2995,66,1,1,344,7,4,2,8,37,0
2996,38,0,2,1563,53,2,0,10,18,0
2997,52,0,2,961,52,4,1,10,1,0
2998,49,0,0,1577,52,8,2,6,21,0
2999,47,0,2,1298,56,9,1,7,28,0
3000,56,0,0,1128,11,0,0,6,48,0
